<?xml version="1.0" encoding="UTF-8"?><!-- Generated by DataTracks version 1.0 on 01-Nov-2016 [07:20:54] {AM} EST - www.datatracks.com -->
<linkbase xmlns="http://www.xbrl.org/2003/linkbase" xmlns:xsi="http://www.w3.org/2001/XMLSchema-instance" xmlns:xlink="http://www.w3.org/1999/xlink" xsi:schemaLocation="http://www.xbrl.org/2003/linkbase http://www.xbrl.org/2003/xbrl-linkbase-2003-12-31.xsd">
	<roleRef xlink:type="simple" xlink:href="http://www.xbrl.org/lrr/role/negated-2009-12-16.xsd#negatedLabel" roleURI="http://www.xbrl.org/2009/role/negatedLabel"/>
	<roleRef xlink:type="simple" xlink:href="http://www.xbrl.org/lrr/role/negated-2009-12-16.xsd#negatedPeriodEndLabel" roleURI="http://www.xbrl.org/2009/role/negatedPeriodEndLabel"/>
	<roleRef xlink:type="simple" xlink:href="http://www.xbrl.org/lrr/role/negated-2009-12-16.xsd#negatedPeriodStartLabel" roleURI="http://www.xbrl.org/2009/role/negatedPeriodStartLabel"/>
	<roleRef xlink:type="simple" xlink:href="http://www.xbrl.org/lrr/role/negated-2009-12-16.xsd#negatedTotalLabel" roleURI="http://www.xbrl.org/2009/role/negatedTotalLabel"/>
	<roleRef xlink:type="simple" xlink:href="http://www.xbrl.org/lrr/role/negated-2009-12-16.xsd#negatedNetLabel" roleURI="http://www.xbrl.org/2009/role/negatedNetLabel"/>
	<roleRef xlink:type="simple" xlink:href="http://www.xbrl.org/lrr/role/negated-2009-12-16.xsd#negatedTerseLabel" roleURI="http://www.xbrl.org/2009/role/negatedTerseLabel"/>
	<roleRef xlink:type="simple" xlink:href="http://www.xbrl.org/lrr/role/net-2009-12-16.xsd#netLabel" roleURI="http://www.xbrl.org/2009/role/netLabel"/>
	<labelLink xlink:type="extended" xlink:role="http://www.xbrl.org/2003/role/link">
		<loc xlink:type="locator" xlink:href="http://xbrl.sec.gov/rr/2012/rr-2012-01-31.xsd#rr_ProspectusTable" xlink:label="loc_rr_ProspectusTable"   />
		<label xlink:type="resource" xlink:role="http://www.xbrl.org/2003/role/label" xlink:label="lab_rr_ProspectusTable" xml:lang="en-US"  >Prospectus:</label>
		<labelArc xlink:type="arc" xlink:arcrole="http://www.xbrl.org/2003/arcrole/concept-label" xlink:from="loc_rr_ProspectusTable" xlink:to="lab_rr_ProspectusTable" />
		<loc xlink:type="locator" xlink:href="http://xbrl.sec.gov/dei/2012/dei-2012-01-31.xsd#dei_DocumentInformationDocumentAxis" xlink:label="loc_dei_DocumentInformationDocumentAxis"   />
		<label xlink:type="resource" xlink:role="http://www.xbrl.org/2003/role/label" xlink:label="lab_dei_DocumentInformationDocumentAxis" xml:lang="en-US"  >Document Information, Document [Axis]</label>
		<labelArc xlink:type="arc" xlink:arcrole="http://www.xbrl.org/2003/arcrole/concept-label" xlink:from="loc_dei_DocumentInformationDocumentAxis" xlink:to="lab_dei_DocumentInformationDocumentAxis" />
		<loc xlink:type="locator" xlink:href="http://xbrl.sec.gov/dei/2012/dei-2012-01-31.xsd#dei_DocumentDomain" xlink:label="loc_dei_DocumentDomain"   />
		<label xlink:type="resource" xlink:role="http://www.xbrl.org/2003/role/label" xlink:label="lab_dei_DocumentDomain" xml:lang="en-US"  >Document [Domain]</label>
		<labelArc xlink:type="arc" xlink:arcrole="http://www.xbrl.org/2003/arcrole/concept-label" xlink:from="loc_dei_DocumentDomain" xlink:to="lab_dei_DocumentDomain" />
		<loc xlink:type="locator" xlink:href="ck0001479599-20160630.xsd#ck0001479599_S000033007SummaryMember" xlink:label="loc_ck0001479599_S000033007SummaryMember"   />
		<label xlink:type="resource" xlink:role="http://www.xbrl.org/2003/role/label" xlink:label="lab_ck0001479599_S000033007SummaryMember" xml:lang="en-US"  >S000033007Summary [Member]</label>
		<label xlink:type="resource" xlink:role="http://www.xbrl.org/2003/role/terseLabel" xlink:label="lab_ck0001479599_S000033007SummaryMember" xml:lang="en-US"  >QuantShares U.S. Market Neutral Momentum Fund (Prospectus Summary)</label>
		<label xlink:type="resource" xlink:role="http://www.xbrl.org/2003/role/verboseLabel" xlink:label="lab_ck0001479599_S000033007SummaryMember" xml:lang="en-US"  />
		<labelArc xlink:type="arc" xlink:arcrole="http://www.xbrl.org/2003/arcrole/concept-label" xlink:from="loc_ck0001479599_S000033007SummaryMember" xlink:to="lab_ck0001479599_S000033007SummaryMember" />
		<loc xlink:type="locator" xlink:href="ck0001479599-20160630.xsd#ck0001479599_S000033008SummaryMember" xlink:label="loc_ck0001479599_S000033008SummaryMember"   />
		<label xlink:type="resource" xlink:role="http://www.xbrl.org/2003/role/label" xlink:label="lab_ck0001479599_S000033008SummaryMember" xml:lang="en-US"  >S000033008Summary [Member]</label>
		<label xlink:type="resource" xlink:role="http://www.xbrl.org/2003/role/terseLabel" xlink:label="lab_ck0001479599_S000033008SummaryMember" xml:lang="en-US"  >QuantShares U.S. Market Neutral Value Fund (Prospectus Summary)</label>
		<label xlink:type="resource" xlink:role="http://www.xbrl.org/2003/role/verboseLabel" xlink:label="lab_ck0001479599_S000033008SummaryMember" xml:lang="en-US"  />
		<labelArc xlink:type="arc" xlink:arcrole="http://www.xbrl.org/2003/arcrole/concept-label" xlink:from="loc_ck0001479599_S000033008SummaryMember" xlink:to="lab_ck0001479599_S000033008SummaryMember" />
		<loc xlink:type="locator" xlink:href="http://xbrl.sec.gov/dei/2012/dei-2012-01-31.xsd#dei_LegalEntityAxis" xlink:label="loc_dei_LegalEntityAxis"   />
		<label xlink:type="resource" xlink:role="http://www.xbrl.org/2003/role/label" xlink:label="lab_dei_LegalEntityAxis" xml:lang="en-US"  >Series [Axis]</label>
		<labelArc xlink:type="arc" xlink:arcrole="http://www.xbrl.org/2003/arcrole/concept-label" xlink:from="loc_dei_LegalEntityAxis" xlink:to="lab_dei_LegalEntityAxis" />
		<loc xlink:type="locator" xlink:href="http://xbrl.sec.gov/dei/2012/dei-2012-01-31.xsd#dei_EntityDomain" xlink:label="loc_dei_EntityDomain"   />
		<label xlink:type="resource" xlink:role="http://www.xbrl.org/2003/role/label" xlink:label="lab_dei_EntityDomain" xml:lang="en-US"  >Series</label>
		<labelArc xlink:type="arc" xlink:arcrole="http://www.xbrl.org/2003/arcrole/concept-label" xlink:from="loc_dei_EntityDomain" xlink:to="lab_dei_EntityDomain" />
		<loc xlink:type="locator" xlink:href="ck0001479599-20160630.xsd#ck0001479599_S000033007Member" xlink:label="loc_ck0001479599_S000033007Member"   />
		<label xlink:type="resource" xlink:role="http://www.xbrl.org/2003/role/label" xlink:label="lab_ck0001479599_S000033007Member" xml:lang="en-US"  >S000033007 [Member]</label>
		<label xlink:type="resource" xlink:role="http://www.xbrl.org/2003/role/terseLabel" xlink:label="lab_ck0001479599_S000033007Member" xml:lang="en-US"  >QuantShares U.S. Market Neutral Momentum Fund</label>
		<label xlink:type="resource" xlink:role="http://www.xbrl.org/2003/role/verboseLabel" xlink:label="lab_ck0001479599_S000033007Member" xml:lang="en-US"  />
		<labelArc xlink:type="arc" xlink:arcrole="http://www.xbrl.org/2003/arcrole/concept-label" xlink:from="loc_ck0001479599_S000033007Member" xlink:to="lab_ck0001479599_S000033007Member" />
		<loc xlink:type="locator" xlink:href="ck0001479599-20160630.xsd#ck0001479599_S000033008Member" xlink:label="loc_ck0001479599_S000033008Member"   />
		<label xlink:type="resource" xlink:role="http://www.xbrl.org/2003/role/label" xlink:label="lab_ck0001479599_S000033008Member" xml:lang="en-US"  >S000033008 [Member]</label>
		<label xlink:type="resource" xlink:role="http://www.xbrl.org/2003/role/terseLabel" xlink:label="lab_ck0001479599_S000033008Member" xml:lang="en-US"  >QuantShares U.S. Market Neutral Value Fund</label>
		<label xlink:type="resource" xlink:role="http://www.xbrl.org/2003/role/verboseLabel" xlink:label="lab_ck0001479599_S000033008Member" xml:lang="en-US"  />
		<labelArc xlink:type="arc" xlink:arcrole="http://www.xbrl.org/2003/arcrole/concept-label" xlink:from="loc_ck0001479599_S000033008Member" xlink:to="lab_ck0001479599_S000033008Member" />
		<loc xlink:type="locator" xlink:href="http://xbrl.sec.gov/rr/2012/rr-2012-01-31.xsd#rr_ProspectusShareClassAxis" xlink:label="loc_rr_ProspectusShareClassAxis"   />
		<label xlink:type="resource" xlink:role="http://www.xbrl.org/2003/role/label" xlink:label="lab_rr_ProspectusShareClassAxis" xml:lang="en-US"  >Share Class [Axis]</label>
		<labelArc xlink:type="arc" xlink:arcrole="http://www.xbrl.org/2003/arcrole/concept-label" xlink:from="loc_rr_ProspectusShareClassAxis" xlink:to="lab_rr_ProspectusShareClassAxis" />
		<loc xlink:type="locator" xlink:href="http://xbrl.sec.gov/rr/2012/rr-2012-01-31.xsd#rr_ShareClassDomain" xlink:label="loc_rr_ShareClassDomain"   />
		<label xlink:type="resource" xlink:role="http://www.xbrl.org/2003/role/label" xlink:label="lab_rr_ShareClassDomain" xml:lang="en-US"  >Share Classes</label>
		<labelArc xlink:type="arc" xlink:arcrole="http://www.xbrl.org/2003/arcrole/concept-label" xlink:from="loc_rr_ShareClassDomain" xlink:to="lab_rr_ShareClassDomain" />
		<loc xlink:type="locator" xlink:href="ck0001479599-20160630.xsd#ck0001479599_C000101796Member" xlink:label="loc_ck0001479599_C000101796Member"   />
		<label xlink:type="resource" xlink:role="http://www.xbrl.org/2003/role/label" xlink:label="lab_ck0001479599_C000101796Member" xml:lang="en-US"  >C000101796 [Member]</label>
		<label xlink:type="resource" xlink:role="http://www.xbrl.org/2003/role/terseLabel" xlink:label="lab_ck0001479599_C000101796Member" xml:lang="en-US"  >QuantShares U.S. Market Neutral Momentum Fund</label>
		<labelArc xlink:type="arc" xlink:arcrole="http://www.xbrl.org/2003/arcrole/concept-label" xlink:from="loc_ck0001479599_C000101796Member" xlink:to="lab_ck0001479599_C000101796Member" />
		<loc xlink:type="locator" xlink:href="ck0001479599-20160630.xsd#ck0001479599_C000101797Member" xlink:label="loc_ck0001479599_C000101797Member"   />
		<label xlink:type="resource" xlink:role="http://www.xbrl.org/2003/role/label" xlink:label="lab_ck0001479599_C000101797Member" xml:lang="en-US"  >C000101797 [Member]</label>
		<label xlink:type="resource" xlink:role="http://www.xbrl.org/2003/role/terseLabel" xlink:label="lab_ck0001479599_C000101797Member" xml:lang="en-US"  >QuantShares U.S. Market Neutral Value Fund</label>
		<labelArc xlink:type="arc" xlink:arcrole="http://www.xbrl.org/2003/arcrole/concept-label" xlink:from="loc_ck0001479599_C000101797Member" xlink:to="lab_ck0001479599_C000101797Member" />
		<loc xlink:type="locator" xlink:href="http://xbrl.sec.gov/rr/2012/rr-2012-01-31.xsd#rr_ProspectusLineItems" xlink:label="loc_rr_ProspectusLineItems"   />
		<label xlink:type="resource" xlink:role="http://www.xbrl.org/2003/role/label" xlink:label="lab_rr_ProspectusLineItems" xml:lang="en-US"  >Prospectus [Line Items]</label>
		<labelArc xlink:type="arc" xlink:arcrole="http://www.xbrl.org/2003/arcrole/concept-label" xlink:from="loc_rr_ProspectusLineItems" xlink:to="lab_rr_ProspectusLineItems" />
		<loc xlink:type="locator" xlink:href="http://xbrl.sec.gov/rr/2012/rr-2012-01-31.xsd#rr_RiskReturnAbstract" xlink:label="loc_rr_RiskReturnAbstract"   />
		<label xlink:type="resource" xlink:role="http://www.xbrl.org/2003/role/label" xlink:label="lab_rr_RiskReturnAbstract" xml:lang="en-US"  >Risk/Return:</label>
		<labelArc xlink:type="arc" xlink:arcrole="http://www.xbrl.org/2003/arcrole/concept-label" xlink:from="loc_rr_RiskReturnAbstract" xlink:to="lab_rr_RiskReturnAbstract" />
		<loc xlink:type="locator" xlink:href="http://xbrl.sec.gov/dei/2012/dei-2012-01-31.xsd#dei_DocumentType" xlink:label="loc_dei_DocumentType"   />
		<label xlink:type="resource" xlink:role="http://www.xbrl.org/2003/role/label" xlink:label="lab_dei_DocumentType" xml:lang="en-US"  >Document Type</label>
		<labelArc xlink:type="arc" xlink:arcrole="http://www.xbrl.org/2003/arcrole/concept-label" xlink:from="loc_dei_DocumentType" xlink:to="lab_dei_DocumentType" />
		<loc xlink:type="locator" xlink:href="http://xbrl.sec.gov/dei/2012/dei-2012-01-31.xsd#dei_DocumentPeriodEndDate" xlink:label="loc_dei_DocumentPeriodEndDate"   />
		<label xlink:type="resource" xlink:role="http://www.xbrl.org/2003/role/label" xlink:label="lab_dei_DocumentPeriodEndDate" xml:lang="en-US"  >Document Period End Date</label>
		<labelArc xlink:type="arc" xlink:arcrole="http://www.xbrl.org/2003/arcrole/concept-label" xlink:from="loc_dei_DocumentPeriodEndDate" xlink:to="lab_dei_DocumentPeriodEndDate" />
		<loc xlink:type="locator" xlink:href="http://xbrl.sec.gov/dei/2012/dei-2012-01-31.xsd#dei_EntityRegistrantName" xlink:label="loc_dei_EntityRegistrantName"   />
		<label xlink:type="resource" xlink:role="http://www.xbrl.org/2003/role/label" xlink:label="lab_dei_EntityRegistrantName" xml:lang="en-US"  >Entity Registrant Name</label>
		<labelArc xlink:type="arc" xlink:arcrole="http://www.xbrl.org/2003/arcrole/concept-label" xlink:from="loc_dei_EntityRegistrantName" xlink:to="lab_dei_EntityRegistrantName" />
		<loc xlink:type="locator" xlink:href="http://xbrl.sec.gov/dei/2012/dei-2012-01-31.xsd#dei_EntityCentralIndexKey" xlink:label="loc_dei_EntityCentralIndexKey"   />
		<label xlink:type="resource" xlink:role="http://www.xbrl.org/2003/role/label" xlink:label="lab_dei_EntityCentralIndexKey" xml:lang="en-US"  >Entity Central Index Key</label>
		<labelArc xlink:type="arc" xlink:arcrole="http://www.xbrl.org/2003/arcrole/concept-label" xlink:from="loc_dei_EntityCentralIndexKey" xlink:to="lab_dei_EntityCentralIndexKey" />
		<loc xlink:type="locator" xlink:href="http://xbrl.sec.gov/dei/2012/dei-2012-01-31.xsd#dei_AmendmentFlag" xlink:label="loc_dei_AmendmentFlag"   />
		<label xlink:type="resource" xlink:role="http://www.xbrl.org/2003/role/label" xlink:label="lab_dei_AmendmentFlag" xml:lang="en-US"  >Amendment Flag</label>
		<labelArc xlink:type="arc" xlink:arcrole="http://www.xbrl.org/2003/arcrole/concept-label" xlink:from="loc_dei_AmendmentFlag" xlink:to="lab_dei_AmendmentFlag" />
		<loc xlink:type="locator" xlink:href="http://xbrl.sec.gov/dei/2012/dei-2012-01-31.xsd#dei_AmendmentDescription" xlink:label="loc_dei_AmendmentDescription"   />
		<label xlink:type="resource" xlink:role="http://www.xbrl.org/2003/role/label" xlink:label="lab_dei_AmendmentDescription" xml:lang="en-US"  >Amendment Description</label>
		<labelArc xlink:type="arc" xlink:arcrole="http://www.xbrl.org/2003/arcrole/concept-label" xlink:from="loc_dei_AmendmentDescription" xlink:to="lab_dei_AmendmentDescription" />
		<loc xlink:type="locator" xlink:href="http://xbrl.sec.gov/dei/2012/dei-2012-01-31.xsd#dei_DocumentCreationDate" xlink:label="loc_dei_DocumentCreationDate"   />
		<label xlink:type="resource" xlink:role="http://www.xbrl.org/2003/role/label" xlink:label="lab_dei_DocumentCreationDate" xml:lang="en-US"  >Document Creation Date</label>
		<labelArc xlink:type="arc" xlink:arcrole="http://www.xbrl.org/2003/arcrole/concept-label" xlink:from="loc_dei_DocumentCreationDate" xlink:to="lab_dei_DocumentCreationDate" />
		<loc xlink:type="locator" xlink:href="http://xbrl.sec.gov/dei/2012/dei-2012-01-31.xsd#dei_DocumentEffectiveDate" xlink:label="loc_dei_DocumentEffectiveDate"   />
		<label xlink:type="resource" xlink:role="http://www.xbrl.org/2003/role/label" xlink:label="lab_dei_DocumentEffectiveDate" xml:lang="en-US"  >Document Effective Date</label>
		<labelArc xlink:type="arc" xlink:arcrole="http://www.xbrl.org/2003/arcrole/concept-label" xlink:from="loc_dei_DocumentEffectiveDate" xlink:to="lab_dei_DocumentEffectiveDate" />
		<loc xlink:type="locator" xlink:href="http://xbrl.sec.gov/rr/2012/rr-2012-01-31.xsd#rr_ProspectusDate" xlink:label="loc_rr_ProspectusDate"   />
		<label xlink:type="resource" xlink:role="http://www.xbrl.org/2003/role/label" xlink:label="lab_rr_ProspectusDate" xml:lang="en-US"  >Prospectus Date</label>
		<labelArc xlink:type="arc" xlink:arcrole="http://www.xbrl.org/2003/arcrole/concept-label" xlink:from="loc_rr_ProspectusDate" xlink:to="lab_rr_ProspectusDate" />
		<loc xlink:type="locator" xlink:href="http://xbrl.sec.gov/dei/2012/dei-2012-01-31.xsd#dei_TradingSymbol" xlink:label="loc_dei_TradingSymbol"   />
		<label xlink:type="resource" xlink:role="http://www.xbrl.org/2003/role/label" xlink:label="lab_dei_TradingSymbol" xml:lang="en-US"  >Trading Symbol</label>
		<labelArc xlink:type="arc" xlink:arcrole="http://www.xbrl.org/2003/arcrole/concept-label" xlink:from="loc_dei_TradingSymbol" xlink:to="lab_dei_TradingSymbol" />
		<loc xlink:type="locator" xlink:href="http://xbrl.sec.gov/rr/2012/rr-2012-01-31.xsd#rr_RiskReturnHeading" xlink:label="loc_rr_RiskReturnHeading"   />
		<label xlink:type="resource" xlink:role="http://www.xbrl.org/2003/role/label" xlink:label="lab_rr_RiskReturnHeading" xml:lang="en-US"  >Risk/Return [Heading]</label>
		<labelArc xlink:type="arc" xlink:arcrole="http://www.xbrl.org/2003/arcrole/concept-label" xlink:from="loc_rr_RiskReturnHeading" xlink:to="lab_rr_RiskReturnHeading" />
		<loc xlink:type="locator" xlink:href="http://xbrl.sec.gov/rr/2012/rr-2012-01-31.xsd#rr_ObjectiveHeading" xlink:label="loc_rr_ObjectiveHeading"   />
		<label xlink:type="resource" xlink:role="http://www.xbrl.org/2003/role/label" xlink:label="lab_rr_ObjectiveHeading" xml:lang="en-US"  >Objective [Heading]</label>
		<labelArc xlink:type="arc" xlink:arcrole="http://www.xbrl.org/2003/arcrole/concept-label" xlink:from="loc_rr_ObjectiveHeading" xlink:to="lab_rr_ObjectiveHeading" />
		<loc xlink:type="locator" xlink:href="http://xbrl.sec.gov/rr/2012/rr-2012-01-31.xsd#rr_ObjectivePrimaryTextBlock" xlink:label="loc_rr_ObjectivePrimaryTextBlock"   />
		<label xlink:type="resource" xlink:role="http://www.xbrl.org/2003/role/label" xlink:label="lab_rr_ObjectivePrimaryTextBlock" xml:lang="en-US"  >Objective, Primary [Text Block]</label>
		<labelArc xlink:type="arc" xlink:arcrole="http://www.xbrl.org/2003/arcrole/concept-label" xlink:from="loc_rr_ObjectivePrimaryTextBlock" xlink:to="lab_rr_ObjectivePrimaryTextBlock" />
		<loc xlink:type="locator" xlink:href="http://xbrl.sec.gov/rr/2012/rr-2012-01-31.xsd#rr_ExpenseHeading" xlink:label="loc_rr_ExpenseHeading"   />
		<label xlink:type="resource" xlink:role="http://www.xbrl.org/2003/role/label" xlink:label="lab_rr_ExpenseHeading" xml:lang="en-US"  >Expense [Heading]</label>
		<labelArc xlink:type="arc" xlink:arcrole="http://www.xbrl.org/2003/arcrole/concept-label" xlink:from="loc_rr_ExpenseHeading" xlink:to="lab_rr_ExpenseHeading" />
		<loc xlink:type="locator" xlink:href="http://xbrl.sec.gov/rr/2012/rr-2012-01-31.xsd#rr_ExpenseNarrativeTextBlock" xlink:label="loc_rr_ExpenseNarrativeTextBlock"   />
		<label xlink:type="resource" xlink:role="http://www.xbrl.org/2003/role/label" xlink:label="lab_rr_ExpenseNarrativeTextBlock" xml:lang="en-US"  >Expense Narrative [Text Block]</label>
		<labelArc xlink:type="arc" xlink:arcrole="http://www.xbrl.org/2003/arcrole/concept-label" xlink:from="loc_rr_ExpenseNarrativeTextBlock" xlink:to="lab_rr_ExpenseNarrativeTextBlock" />
		<loc xlink:type="locator" xlink:href="http://xbrl.sec.gov/rr/2012/rr-2012-01-31.xsd#rr_OperatingExpensesCaption" xlink:label="loc_rr_OperatingExpensesCaption"   />
		<label xlink:type="resource" xlink:role="http://www.xbrl.org/2003/role/label" xlink:label="lab_rr_OperatingExpensesCaption" xml:lang="en-US"  >Operating Expenses Caption [Text]</label>
		<labelArc xlink:type="arc" xlink:arcrole="http://www.xbrl.org/2003/arcrole/concept-label" xlink:from="loc_rr_OperatingExpensesCaption" xlink:to="lab_rr_OperatingExpensesCaption" />
		<loc xlink:type="locator" xlink:href="http://xbrl.sec.gov/rr/2012/rr-2012-01-31.xsd#rr_AnnualFundOperatingExpensesTableTextBlock" xlink:label="loc_rr_AnnualFundOperatingExpensesTableTextBlock"   />
		<label xlink:type="resource" xlink:role="http://www.xbrl.org/2003/role/label" xlink:label="lab_rr_AnnualFundOperatingExpensesTableTextBlock" xml:lang="en-US"  >Annual Fund Operating Expenses [Table]</label>
		<labelArc xlink:type="arc" xlink:arcrole="http://www.xbrl.org/2003/arcrole/concept-label" xlink:from="loc_rr_AnnualFundOperatingExpensesTableTextBlock" xlink:to="lab_rr_AnnualFundOperatingExpensesTableTextBlock" />
		<loc xlink:type="locator" xlink:href="http://xbrl.sec.gov/rr/2012/rr-2012-01-31.xsd#rr_ExpenseExampleHeading" xlink:label="loc_rr_ExpenseExampleHeading"   />
		<label xlink:type="resource" xlink:role="http://www.xbrl.org/2003/role/label" xlink:label="lab_rr_ExpenseExampleHeading" xml:lang="en-US"  >Expense Example [Heading]</label>
		<labelArc xlink:type="arc" xlink:arcrole="http://www.xbrl.org/2003/arcrole/concept-label" xlink:from="loc_rr_ExpenseExampleHeading" xlink:to="lab_rr_ExpenseExampleHeading" />
		<loc xlink:type="locator" xlink:href="http://xbrl.sec.gov/rr/2012/rr-2012-01-31.xsd#rr_ExpenseExampleNarrativeTextBlock" xlink:label="loc_rr_ExpenseExampleNarrativeTextBlock"   />
		<label xlink:type="resource" xlink:role="http://www.xbrl.org/2003/role/label" xlink:label="lab_rr_ExpenseExampleNarrativeTextBlock" xml:lang="en-US"  >Expense Example Narrative [Text Block]</label>
		<labelArc xlink:type="arc" xlink:arcrole="http://www.xbrl.org/2003/arcrole/concept-label" xlink:from="loc_rr_ExpenseExampleNarrativeTextBlock" xlink:to="lab_rr_ExpenseExampleNarrativeTextBlock" />
		<loc xlink:type="locator" xlink:href="http://xbrl.sec.gov/rr/2012/rr-2012-01-31.xsd#rr_ExpenseExampleWithRedemptionTableTextBlock" xlink:label="loc_rr_ExpenseExampleWithRedemptionTableTextBlock"   />
		<label xlink:type="resource" xlink:role="http://www.xbrl.org/2003/role/label" xlink:label="lab_rr_ExpenseExampleWithRedemptionTableTextBlock" xml:lang="en-US"  >Expense Example, With Redemption [Table]</label>
		<labelArc xlink:type="arc" xlink:arcrole="http://www.xbrl.org/2003/arcrole/concept-label" xlink:from="loc_rr_ExpenseExampleWithRedemptionTableTextBlock" xlink:to="lab_rr_ExpenseExampleWithRedemptionTableTextBlock" />
		<loc xlink:type="locator" xlink:href="http://xbrl.sec.gov/rr/2012/rr-2012-01-31.xsd#rr_PortfolioTurnoverHeading" xlink:label="loc_rr_PortfolioTurnoverHeading"   />
		<label xlink:type="resource" xlink:role="http://www.xbrl.org/2003/role/label" xlink:label="lab_rr_PortfolioTurnoverHeading" xml:lang="en-US"  >Portfolio Turnover [Heading]</label>
		<labelArc xlink:type="arc" xlink:arcrole="http://www.xbrl.org/2003/arcrole/concept-label" xlink:from="loc_rr_PortfolioTurnoverHeading" xlink:to="lab_rr_PortfolioTurnoverHeading" />
		<loc xlink:type="locator" xlink:href="http://xbrl.sec.gov/rr/2012/rr-2012-01-31.xsd#rr_PortfolioTurnoverTextBlock" xlink:label="loc_rr_PortfolioTurnoverTextBlock"   />
		<label xlink:type="resource" xlink:role="http://www.xbrl.org/2003/role/label" xlink:label="lab_rr_PortfolioTurnoverTextBlock" xml:lang="en-US"  >Portfolio Turnover [Text Block]</label>
		<labelArc xlink:type="arc" xlink:arcrole="http://www.xbrl.org/2003/arcrole/concept-label" xlink:from="loc_rr_PortfolioTurnoverTextBlock" xlink:to="lab_rr_PortfolioTurnoverTextBlock" />
		<loc xlink:type="locator" xlink:href="http://xbrl.sec.gov/rr/2012/rr-2012-01-31.xsd#rr_StrategyHeading" xlink:label="loc_rr_StrategyHeading"   />
		<label xlink:type="resource" xlink:role="http://www.xbrl.org/2003/role/label" xlink:label="lab_rr_StrategyHeading" xml:lang="en-US"  >Strategy [Heading]</label>
		<labelArc xlink:type="arc" xlink:arcrole="http://www.xbrl.org/2003/arcrole/concept-label" xlink:from="loc_rr_StrategyHeading" xlink:to="lab_rr_StrategyHeading" />
		<loc xlink:type="locator" xlink:href="http://xbrl.sec.gov/rr/2012/rr-2012-01-31.xsd#rr_StrategyNarrativeTextBlock" xlink:label="loc_rr_StrategyNarrativeTextBlock"   />
		<label xlink:type="resource" xlink:role="http://www.xbrl.org/2003/role/label" xlink:label="lab_rr_StrategyNarrativeTextBlock" xml:lang="en-US"  >Strategy Narrative [Text Block]</label>
		<labelArc xlink:type="arc" xlink:arcrole="http://www.xbrl.org/2003/arcrole/concept-label" xlink:from="loc_rr_StrategyNarrativeTextBlock" xlink:to="lab_rr_StrategyNarrativeTextBlock" />
		<loc xlink:type="locator" xlink:href="http://xbrl.sec.gov/rr/2012/rr-2012-01-31.xsd#rr_RiskHeading" xlink:label="loc_rr_RiskHeading"   />
		<label xlink:type="resource" xlink:role="http://www.xbrl.org/2003/role/label" xlink:label="lab_rr_RiskHeading" xml:lang="en-US"  >Risk [Heading]</label>
		<labelArc xlink:type="arc" xlink:arcrole="http://www.xbrl.org/2003/arcrole/concept-label" xlink:from="loc_rr_RiskHeading" xlink:to="lab_rr_RiskHeading" />
		<loc xlink:type="locator" xlink:href="http://xbrl.sec.gov/rr/2012/rr-2012-01-31.xsd#rr_RiskNarrativeTextBlock" xlink:label="loc_rr_RiskNarrativeTextBlock"   />
		<label xlink:type="resource" xlink:role="http://www.xbrl.org/2003/role/label" xlink:label="lab_rr_RiskNarrativeTextBlock" xml:lang="en-US"  >Risk Narrative [Text Block]</label>
		<labelArc xlink:type="arc" xlink:arcrole="http://www.xbrl.org/2003/arcrole/concept-label" xlink:from="loc_rr_RiskNarrativeTextBlock" xlink:to="lab_rr_RiskNarrativeTextBlock" />
		<loc xlink:type="locator" xlink:href="http://xbrl.sec.gov/rr/2012/rr-2012-01-31.xsd#rr_BarChartAndPerformanceTableHeading" xlink:label="loc_rr_BarChartAndPerformanceTableHeading"   />
		<label xlink:type="resource" xlink:role="http://www.xbrl.org/2003/role/label" xlink:label="lab_rr_BarChartAndPerformanceTableHeading" xml:lang="en-US"  >Bar Chart and Performance Table [Heading]</label>
		<labelArc xlink:type="arc" xlink:arcrole="http://www.xbrl.org/2003/arcrole/concept-label" xlink:from="loc_rr_BarChartAndPerformanceTableHeading" xlink:to="lab_rr_BarChartAndPerformanceTableHeading" />
		<loc xlink:type="locator" xlink:href="http://xbrl.sec.gov/rr/2012/rr-2012-01-31.xsd#rr_PerformanceNarrativeTextBlock" xlink:label="loc_rr_PerformanceNarrativeTextBlock"   />
		<label xlink:type="resource" xlink:role="http://www.xbrl.org/2003/role/label" xlink:label="lab_rr_PerformanceNarrativeTextBlock" xml:lang="en-US"  >Performance Narrative [Text Block]</label>
		<labelArc xlink:type="arc" xlink:arcrole="http://www.xbrl.org/2003/arcrole/concept-label" xlink:from="loc_rr_PerformanceNarrativeTextBlock" xlink:to="lab_rr_PerformanceNarrativeTextBlock" />
		<loc xlink:type="locator" xlink:href="http://xbrl.sec.gov/rr/2012/rr-2012-01-31.xsd#rr_BarChartTableTextBlock" xlink:label="loc_rr_BarChartTableTextBlock"   />
		<label xlink:type="resource" xlink:role="http://www.xbrl.org/2003/role/label" xlink:label="lab_rr_BarChartTableTextBlock" xml:lang="en-US"  >Bar Chart [Table]</label>
		<labelArc xlink:type="arc" xlink:arcrole="http://www.xbrl.org/2003/arcrole/concept-label" xlink:from="loc_rr_BarChartTableTextBlock" xlink:to="lab_rr_BarChartTableTextBlock" />
		<loc xlink:type="locator" xlink:href="http://xbrl.sec.gov/rr/2012/rr-2012-01-31.xsd#rr_BarChartClosingTextBlock" xlink:label="loc_rr_BarChartClosingTextBlock"   />
		<label xlink:type="resource" xlink:role="http://www.xbrl.org/2003/role/label" xlink:label="lab_rr_BarChartClosingTextBlock" xml:lang="en-US"  >Bar Chart Closing [Text Block]</label>
		<labelArc xlink:type="arc" xlink:arcrole="http://www.xbrl.org/2003/arcrole/concept-label" xlink:from="loc_rr_BarChartClosingTextBlock" xlink:to="lab_rr_BarChartClosingTextBlock" />
		<loc xlink:type="locator" xlink:href="http://xbrl.sec.gov/rr/2012/rr-2012-01-31.xsd#rr_PerformanceTableHeading" xlink:label="loc_rr_PerformanceTableHeading"   />
		<label xlink:type="resource" xlink:role="http://www.xbrl.org/2003/role/label" xlink:label="lab_rr_PerformanceTableHeading" xml:lang="en-US"  >Performance Table Heading</label>
		<labelArc xlink:type="arc" xlink:arcrole="http://www.xbrl.org/2003/arcrole/concept-label" xlink:from="loc_rr_PerformanceTableHeading" xlink:to="lab_rr_PerformanceTableHeading" />
		<loc xlink:type="locator" xlink:href="http://xbrl.sec.gov/rr/2012/rr-2012-01-31.xsd#rr_PerformanceTableTextBlock" xlink:label="loc_rr_PerformanceTableTextBlock"   />
		<label xlink:type="resource" xlink:role="http://www.xbrl.org/2003/role/label" xlink:label="lab_rr_PerformanceTableTextBlock" xml:lang="en-US"  >Performance [Table]</label>
		<labelArc xlink:type="arc" xlink:arcrole="http://www.xbrl.org/2003/arcrole/concept-label" xlink:from="loc_rr_PerformanceTableTextBlock" xlink:to="lab_rr_PerformanceTableTextBlock" />
		<loc xlink:type="locator" xlink:href="http://xbrl.sec.gov/rr/2012/rr-2012-01-31.xsd#rr_PerformanceTableClosingTextBlock" xlink:label="loc_rr_PerformanceTableClosingTextBlock"   />
		<label xlink:type="resource" xlink:role="http://www.xbrl.org/2003/role/label" xlink:label="lab_rr_PerformanceTableClosingTextBlock" xml:lang="en-US"  >Performance Table Closing [Text Block]</label>
		<labelArc xlink:type="arc" xlink:arcrole="http://www.xbrl.org/2003/arcrole/concept-label" xlink:from="loc_rr_PerformanceTableClosingTextBlock" xlink:to="lab_rr_PerformanceTableClosingTextBlock" />
		<loc xlink:type="locator" xlink:href="http://xbrl.sec.gov/rr/2012/rr-2012-01-31.xsd#rr_ShareholderFeesAbstract" xlink:label="loc_rr_ShareholderFeesAbstract"   />
		<label xlink:type="resource" xlink:role="http://www.xbrl.org/2003/role/label" xlink:label="lab_rr_ShareholderFeesAbstract" xml:lang="en-US"  >Shareholder Fees:</label>
		<labelArc xlink:type="arc" xlink:arcrole="http://www.xbrl.org/2003/arcrole/concept-label" xlink:from="loc_rr_ShareholderFeesAbstract" xlink:to="lab_rr_ShareholderFeesAbstract" />
		<loc xlink:type="locator" xlink:href="http://xbrl.sec.gov/rr/2012/rr-2012-01-31.xsd#rr_OperatingExpensesAbstract" xlink:label="loc_rr_OperatingExpensesAbstract"   />
		<label xlink:type="resource" xlink:role="http://www.xbrl.org/2003/role/label" xlink:label="lab_rr_OperatingExpensesAbstract" xml:lang="en-US"  >Operating Expenses:</label>
		<labelArc xlink:type="arc" xlink:arcrole="http://www.xbrl.org/2003/arcrole/concept-label" xlink:from="loc_rr_OperatingExpensesAbstract" xlink:to="lab_rr_OperatingExpensesAbstract" />
		<loc xlink:type="locator" xlink:href="http://xbrl.sec.gov/rr/2012/rr-2012-01-31.xsd#rr_ManagementFeesOverAssets" xlink:label="loc_rr_ManagementFeesOverAssets"   />
		<label xlink:type="resource" xlink:role="http://www.xbrl.org/2003/role/label" xlink:label="lab_rr_ManagementFeesOverAssets" xml:lang="en-US"  >Management Fees (as a percentage of Assets)</label>
		<label xlink:type="resource" xlink:role="http://www.xbrl.org/2003/role/terseLabel" xlink:label="lab_rr_ManagementFeesOverAssets" xml:lang="en-US"  >Management Fees</label>
		<labelArc xlink:type="arc" xlink:arcrole="http://www.xbrl.org/2003/arcrole/concept-label" xlink:from="loc_rr_ManagementFeesOverAssets" xlink:to="lab_rr_ManagementFeesOverAssets" />
		<loc xlink:type="locator" xlink:href="http://xbrl.sec.gov/rr/2012/rr-2012-01-31.xsd#rr_DistributionAndService12b1FeesOverAssets" xlink:label="loc_rr_DistributionAndService12b1FeesOverAssets"   />
		<label xlink:type="resource" xlink:role="http://www.xbrl.org/2003/role/label" xlink:label="lab_rr_DistributionAndService12b1FeesOverAssets" xml:lang="en-US"  >Distribution and Service (12b-1) Fees</label>
		<label xlink:type="resource" xlink:role="http://www.xbrl.org/2003/role/terseLabel" xlink:label="lab_rr_DistributionAndService12b1FeesOverAssets" xml:lang="en-US"  >Distribution and/or Service (12b-1) Fees</label>
		<labelArc xlink:type="arc" xlink:arcrole="http://www.xbrl.org/2003/arcrole/concept-label" xlink:from="loc_rr_DistributionAndService12b1FeesOverAssets" xlink:to="lab_rr_DistributionAndService12b1FeesOverAssets" />
		<loc xlink:type="locator" xlink:href="http://xbrl.sec.gov/rr/2012/rr-2012-01-31.xsd#rr_Component1OtherExpensesOverAssets" xlink:label="loc_rr_Component1OtherExpensesOverAssets"   />
		<label xlink:type="resource" xlink:role="http://www.xbrl.org/2003/role/label" xlink:label="lab_rr_Component1OtherExpensesOverAssets" xml:lang="en-US"  >Component1 Other Expenses</label>
		<label xlink:type="resource" xlink:role="http://www.xbrl.org/2003/role/terseLabel" xlink:label="lab_rr_Component1OtherExpensesOverAssets" xml:lang="en-US"  >Dividend, Interest and Brokerage Expenses on Short Positions</label>
		<labelArc xlink:type="arc" xlink:arcrole="http://www.xbrl.org/2003/arcrole/concept-label" xlink:from="loc_rr_Component1OtherExpensesOverAssets" xlink:to="lab_rr_Component1OtherExpensesOverAssets" />
		<loc xlink:type="locator" xlink:href="http://xbrl.sec.gov/rr/2012/rr-2012-01-31.xsd#rr_OtherExpensesOverAssets" xlink:label="loc_rr_OtherExpensesOverAssets"   />
		<label xlink:type="resource" xlink:role="http://www.xbrl.org/2003/role/label" xlink:label="lab_rr_OtherExpensesOverAssets" xml:lang="en-US"  >Other Expenses (as a percentage of Assets):</label>
		<label xlink:type="resource" xlink:role="http://www.xbrl.org/2003/role/terseLabel" xlink:label="lab_rr_OtherExpensesOverAssets" xml:lang="en-US"  >Other Expenses</label>
		<labelArc xlink:type="arc" xlink:arcrole="http://www.xbrl.org/2003/arcrole/concept-label" xlink:from="loc_rr_OtherExpensesOverAssets" xlink:to="lab_rr_OtherExpensesOverAssets" />
		<loc xlink:type="locator" xlink:href="http://xbrl.sec.gov/rr/2012/rr-2012-01-31.xsd#rr_ExpensesOverAssets" xlink:label="loc_rr_ExpensesOverAssets"   />
		<label xlink:type="resource" xlink:role="http://www.xbrl.org/2003/role/label" xlink:label="lab_rr_ExpensesOverAssets" xml:lang="en-US"  >Expenses (as a percentage of Assets)</label>
		<label xlink:type="resource" xlink:role="http://www.xbrl.org/2003/role/totalLabel" xlink:label="lab_rr_ExpensesOverAssets" xml:lang="en-US"  >Total Annual Fund Operating Expenses</label>
		<label xlink:type="resource" xlink:role="http://www.xbrl.org/2003/role/terseLabel" xlink:label="lab_rr_ExpensesOverAssets" xml:lang="en-US"  >Total Annual Fund Operating Expenses</label>
		<labelArc xlink:type="arc" xlink:arcrole="http://www.xbrl.org/2003/arcrole/concept-label" xlink:from="loc_rr_ExpensesOverAssets" xlink:to="lab_rr_ExpensesOverAssets" />
		<loc xlink:type="locator" xlink:href="http://xbrl.sec.gov/rr/2012/rr-2012-01-31.xsd#rr_FeeWaiverOrReimbursementOverAssets" xlink:label="loc_rr_FeeWaiverOrReimbursementOverAssets"   />
		<label xlink:type="resource" xlink:role="http://www.xbrl.org/2003/role/label" xlink:label="lab_rr_FeeWaiverOrReimbursementOverAssets" xml:lang="en-US"  >Fee Waiver or Reimbursement</label>
		<label xlink:type="resource" xlink:role="http://www.xbrl.org/2003/role/terseLabel" xlink:label="lab_rr_FeeWaiverOrReimbursementOverAssets" xml:lang="en-US"  >Fee Waiver and Expense Reimbursement</label>
		<labelArc xlink:type="arc" xlink:arcrole="http://www.xbrl.org/2003/arcrole/concept-label" xlink:from="loc_rr_FeeWaiverOrReimbursementOverAssets" xlink:to="lab_rr_FeeWaiverOrReimbursementOverAssets" />
		<loc xlink:type="locator" xlink:href="http://xbrl.sec.gov/rr/2012/rr-2012-01-31.xsd#rr_NetExpensesOverAssets" xlink:label="loc_rr_NetExpensesOverAssets"   />
		<label xlink:type="resource" xlink:role="http://www.xbrl.org/2003/role/label" xlink:label="lab_rr_NetExpensesOverAssets" xml:lang="en-US"  >Net Expenses (as a percentage of Assets)</label>
		<label xlink:type="resource" xlink:role="http://www.xbrl.org/2003/role/totalLabel" xlink:label="lab_rr_NetExpensesOverAssets" xml:lang="en-US"  >Total Annual Fund Operating Expenses After Fee Waiver and Expense Reimbursement</label>
		<label xlink:type="resource" xlink:role="http://www.xbrl.org/2003/role/terseLabel" xlink:label="lab_rr_NetExpensesOverAssets" xml:lang="en-US"  >Total Annual Fund Operating Expenses After Fee Waiver and Expense Reimbursement</label>
		<label xlink:type="resource" xlink:role="http://www.xbrl.org/2003/role/zeroVerboseLabel" xlink:label="lab_rr_NetExpensesOverAssets" xml:lang="en-US"  >Total Annual Fund Operating Expenses After Fee Waiver and Expense Reimbursement</label>
		<labelArc xlink:type="arc" xlink:arcrole="http://www.xbrl.org/2003/arcrole/concept-label" xlink:from="loc_rr_NetExpensesOverAssets" xlink:to="lab_rr_NetExpensesOverAssets" />
		<loc xlink:type="locator" xlink:href="http://xbrl.sec.gov/rr/2012/rr-2012-01-31.xsd#rr_ExpenseExampleAbstract" xlink:label="loc_rr_ExpenseExampleAbstract"   />
		<label xlink:type="resource" xlink:role="http://www.xbrl.org/2003/role/label" xlink:label="lab_rr_ExpenseExampleAbstract" xml:lang="en-US"  >Expense Example:</label>
		<labelArc xlink:type="arc" xlink:arcrole="http://www.xbrl.org/2003/arcrole/concept-label" xlink:from="loc_rr_ExpenseExampleAbstract" xlink:to="lab_rr_ExpenseExampleAbstract" />
		<loc xlink:type="locator" xlink:href="http://xbrl.sec.gov/rr/2012/rr-2012-01-31.xsd#rr_ExpenseExampleYear01" xlink:label="loc_rr_ExpenseExampleYear01"   />
		<label xlink:type="resource" xlink:role="http://www.xbrl.org/2003/role/label" xlink:label="lab_rr_ExpenseExampleYear01" xml:lang="en-US"  >Expense Example, with Redemption, 1 Year</label>
		<label xlink:type="resource" xlink:role="http://www.xbrl.org/2003/role/terseLabel" xlink:label="lab_rr_ExpenseExampleYear01" xml:lang="en-US"  >1 YEAR</label>
		<labelArc xlink:type="arc" xlink:arcrole="http://www.xbrl.org/2003/arcrole/concept-label" xlink:from="loc_rr_ExpenseExampleYear01" xlink:to="lab_rr_ExpenseExampleYear01" />
		<loc xlink:type="locator" xlink:href="http://xbrl.sec.gov/rr/2012/rr-2012-01-31.xsd#rr_ExpenseExampleYear03" xlink:label="loc_rr_ExpenseExampleYear03"   />
		<label xlink:type="resource" xlink:role="http://www.xbrl.org/2003/role/label" xlink:label="lab_rr_ExpenseExampleYear03" xml:lang="en-US"  >Expense Example, with Redemption, 3 Years</label>
		<label xlink:type="resource" xlink:role="http://www.xbrl.org/2003/role/terseLabel" xlink:label="lab_rr_ExpenseExampleYear03" xml:lang="en-US"  >3 YEARS</label>
		<labelArc xlink:type="arc" xlink:arcrole="http://www.xbrl.org/2003/arcrole/concept-label" xlink:from="loc_rr_ExpenseExampleYear03" xlink:to="lab_rr_ExpenseExampleYear03" />
		<loc xlink:type="locator" xlink:href="http://xbrl.sec.gov/rr/2012/rr-2012-01-31.xsd#rr_ExpenseExampleYear05" xlink:label="loc_rr_ExpenseExampleYear05"   />
		<label xlink:type="resource" xlink:role="http://www.xbrl.org/2003/role/label" xlink:label="lab_rr_ExpenseExampleYear05" xml:lang="en-US"  >Expense Example, with Redemption, 5 Years</label>
		<label xlink:type="resource" xlink:role="http://www.xbrl.org/2003/role/terseLabel" xlink:label="lab_rr_ExpenseExampleYear05" xml:lang="en-US"  >5 YEARS</label>
		<labelArc xlink:type="arc" xlink:arcrole="http://www.xbrl.org/2003/arcrole/concept-label" xlink:from="loc_rr_ExpenseExampleYear05" xlink:to="lab_rr_ExpenseExampleYear05" />
		<loc xlink:type="locator" xlink:href="http://xbrl.sec.gov/rr/2012/rr-2012-01-31.xsd#rr_ExpenseExampleYear10" xlink:label="loc_rr_ExpenseExampleYear10"   />
		<label xlink:type="resource" xlink:role="http://www.xbrl.org/2003/role/label" xlink:label="lab_rr_ExpenseExampleYear10" xml:lang="en-US"  >Expense Example, with Redemption, 10 Years</label>
		<label xlink:type="resource" xlink:role="http://www.xbrl.org/2003/role/terseLabel" xlink:label="lab_rr_ExpenseExampleYear10" xml:lang="en-US"  >10 YEARS</label>
		<labelArc xlink:type="arc" xlink:arcrole="http://www.xbrl.org/2003/arcrole/concept-label" xlink:from="loc_rr_ExpenseExampleYear10" xlink:to="lab_rr_ExpenseExampleYear10" />
		<loc xlink:type="locator" xlink:href="http://xbrl.sec.gov/rr/2012/rr-2012-01-31.xsd#rr_ExpenseExampleNoRedemptionAbstract" xlink:label="loc_rr_ExpenseExampleNoRedemptionAbstract"   />
		<label xlink:type="resource" xlink:role="http://www.xbrl.org/2003/role/label" xlink:label="lab_rr_ExpenseExampleNoRedemptionAbstract" xml:lang="en-US"  >Expense Example, No Redemption:</label>
		<labelArc xlink:type="arc" xlink:arcrole="http://www.xbrl.org/2003/arcrole/concept-label" xlink:from="loc_rr_ExpenseExampleNoRedemptionAbstract" xlink:to="lab_rr_ExpenseExampleNoRedemptionAbstract" />
		<loc xlink:type="locator" xlink:href="http://xbrl.sec.gov/rr/2012/rr-2012-01-31.xsd#rr_BarChartTableAbstract" xlink:label="loc_rr_BarChartTableAbstract"   />
		<label xlink:type="resource" xlink:role="http://www.xbrl.org/2003/role/label" xlink:label="lab_rr_BarChartTableAbstract" xml:lang="en-US"  >Bar Chart Table:</label>
		<labelArc xlink:type="arc" xlink:arcrole="http://www.xbrl.org/2003/arcrole/concept-label" xlink:from="loc_rr_BarChartTableAbstract" xlink:to="lab_rr_BarChartTableAbstract" />
		<loc xlink:type="locator" xlink:href="http://xbrl.sec.gov/rr/2012/rr-2012-01-31.xsd#rr_AnnualReturn2012" xlink:label="loc_rr_AnnualReturn2012"   />
		<label xlink:type="resource" xlink:role="http://www.xbrl.org/2003/role/label" xlink:label="lab_rr_AnnualReturn2012" xml:lang="en-US"  >Annual Return 2012</label>
		<labelArc xlink:type="arc" xlink:arcrole="http://www.xbrl.org/2003/arcrole/concept-label" xlink:from="loc_rr_AnnualReturn2012" xlink:to="lab_rr_AnnualReturn2012" />
		<loc xlink:type="locator" xlink:href="http://xbrl.sec.gov/rr/2012/rr-2012-01-31.xsd#rr_AnnualReturn2013" xlink:label="loc_rr_AnnualReturn2013"   />
		<label xlink:type="resource" xlink:role="http://www.xbrl.org/2003/role/label" xlink:label="lab_rr_AnnualReturn2013" xml:lang="en-US"  >Annual Return 2013</label>
		<labelArc xlink:type="arc" xlink:arcrole="http://www.xbrl.org/2003/arcrole/concept-label" xlink:from="loc_rr_AnnualReturn2013" xlink:to="lab_rr_AnnualReturn2013" />
		<loc xlink:type="locator" xlink:href="http://xbrl.sec.gov/rr/2012/rr-2012-01-31.xsd#rr_AnnualReturn2014" xlink:label="loc_rr_AnnualReturn2014"   />
		<label xlink:type="resource" xlink:role="http://www.xbrl.org/2003/role/label" xlink:label="lab_rr_AnnualReturn2014" xml:lang="en-US"  >Annual Return 2014</label>
		<labelArc xlink:type="arc" xlink:arcrole="http://www.xbrl.org/2003/arcrole/concept-label" xlink:from="loc_rr_AnnualReturn2014" xlink:to="lab_rr_AnnualReturn2014" />
		<loc xlink:type="locator" xlink:href="http://xbrl.sec.gov/rr/2012/rr-2012-01-31.xsd#rr_AnnualReturn2015" xlink:label="loc_rr_AnnualReturn2015"   />
		<label xlink:type="resource" xlink:role="http://www.xbrl.org/2003/role/label" xlink:label="lab_rr_AnnualReturn2015" xml:lang="en-US"  >Annual Return 2015</label>
		<labelArc xlink:type="arc" xlink:arcrole="http://www.xbrl.org/2003/arcrole/concept-label" xlink:from="loc_rr_AnnualReturn2015" xlink:to="lab_rr_AnnualReturn2015" />
		<loc xlink:type="locator" xlink:href="http://xbrl.sec.gov/rr/2012/rr-2012-01-31.xsd#rr_PerformanceMeasureAxis" xlink:label="loc_rr_PerformanceMeasureAxis"   />
		<label xlink:type="resource" xlink:role="http://www.xbrl.org/2003/role/label" xlink:label="lab_rr_PerformanceMeasureAxis" xml:lang="en-US"  >Performance Measure [Axis]</label>
		<labelArc xlink:type="arc" xlink:arcrole="http://www.xbrl.org/2003/arcrole/concept-label" xlink:from="loc_rr_PerformanceMeasureAxis" xlink:to="lab_rr_PerformanceMeasureAxis" />
		<loc xlink:type="locator" xlink:href="http://xbrl.sec.gov/rr/2012/rr-2012-01-31.xsd#rr_PerformanceMeasureDomain" xlink:label="loc_rr_PerformanceMeasureDomain"   />
		<label xlink:type="resource" xlink:role="http://www.xbrl.org/2003/role/label" xlink:label="lab_rr_PerformanceMeasureDomain" xml:lang="en-US"  >Before Taxes</label>
		<labelArc xlink:type="arc" xlink:arcrole="http://www.xbrl.org/2003/arcrole/concept-label" xlink:from="loc_rr_PerformanceMeasureDomain" xlink:to="lab_rr_PerformanceMeasureDomain" />
		<loc xlink:type="locator" xlink:href="http://xbrl.sec.gov/rr/2012/rr-2012-01-31.xsd#rr_AfterTaxesOnDistributionsMember" xlink:label="loc_rr_AfterTaxesOnDistributionsMember"   />
		<label xlink:type="resource" xlink:role="http://www.xbrl.org/2003/role/label" xlink:label="lab_rr_AfterTaxesOnDistributionsMember" xml:lang="en-US"  >After Taxes on Distributions</label>
		<labelArc xlink:type="arc" xlink:arcrole="http://www.xbrl.org/2003/arcrole/concept-label" xlink:from="loc_rr_AfterTaxesOnDistributionsMember" xlink:to="lab_rr_AfterTaxesOnDistributionsMember" />
		<loc xlink:type="locator" xlink:href="http://xbrl.sec.gov/rr/2012/rr-2012-01-31.xsd#rr_AfterTaxesOnDistributionsAndSalesMember" xlink:label="loc_rr_AfterTaxesOnDistributionsAndSalesMember"   />
		<label xlink:type="resource" xlink:role="http://www.xbrl.org/2003/role/label" xlink:label="lab_rr_AfterTaxesOnDistributionsAndSalesMember" xml:lang="en-US"  >After Taxes on Distributions and Sales</label>
		<labelArc xlink:type="arc" xlink:arcrole="http://www.xbrl.org/2003/arcrole/concept-label" xlink:from="loc_rr_AfterTaxesOnDistributionsAndSalesMember" xlink:to="lab_rr_AfterTaxesOnDistributionsAndSalesMember" />
		<loc xlink:type="locator" xlink:href="ck0001479599-20160630.xsd#ck0001479599_DowJonesUSThematicMarketNeutralMomentumIndexMember" xlink:label="loc_ck0001479599_DowJonesUSThematicMarketNeutralMomentumIndexMember"   />
		<label xlink:type="resource" xlink:role="http://www.xbrl.org/2003/role/label" xlink:label="lab_ck0001479599_DowJonesUSThematicMarketNeutralMomentumIndexMember" xml:lang="en-US"  >DowJonesUSThematicMarketNeutralMomentumIndex [Member]</label>
		<label xlink:type="resource" xlink:role="http://www.xbrl.org/2003/role/terseLabel" xlink:label="lab_ck0001479599_DowJonesUSThematicMarketNeutralMomentumIndexMember" xml:lang="en-US"  >Dow Jones U.S. Thematic Market Neutral Momentum Index</label>
		<labelArc xlink:type="arc" xlink:arcrole="http://www.xbrl.org/2003/arcrole/concept-label" xlink:from="loc_ck0001479599_DowJonesUSThematicMarketNeutralMomentumIndexMember" xlink:to="lab_ck0001479599_DowJonesUSThematicMarketNeutralMomentumIndexMember" />
		<loc xlink:type="locator" xlink:href="ck0001479599-20160630.xsd#ck0001479599_SP500IndexMember" xlink:label="loc_ck0001479599_SP500IndexMember"   />
		<label xlink:type="resource" xlink:role="http://www.xbrl.org/2003/role/label" xlink:label="lab_ck0001479599_SP500IndexMember" xml:lang="en-US"  >SP500Index [Member]</label>
		<label xlink:type="resource" xlink:role="http://www.xbrl.org/2003/role/terseLabel" xlink:label="lab_ck0001479599_SP500IndexMember" xml:lang="en-US"  >S&amp;P 500 Index</label>
		<labelArc xlink:type="arc" xlink:arcrole="http://www.xbrl.org/2003/arcrole/concept-label" xlink:from="loc_ck0001479599_SP500IndexMember" xlink:to="lab_ck0001479599_SP500IndexMember" />
		<loc xlink:type="locator" xlink:href="ck0001479599-20160630.xsd#ck0001479599_Russell1000IndexMember" xlink:label="loc_ck0001479599_Russell1000IndexMember"   />
		<label xlink:type="resource" xlink:role="http://www.xbrl.org/2003/role/label" xlink:label="lab_ck0001479599_Russell1000IndexMember" xml:lang="en-US"  >Russell1000Index [Member]</label>
		<label xlink:type="resource" xlink:role="http://www.xbrl.org/2003/role/terseLabel" xlink:label="lab_ck0001479599_Russell1000IndexMember" xml:lang="en-US"  >Russell 1000 Index</label>
		<labelArc xlink:type="arc" xlink:arcrole="http://www.xbrl.org/2003/arcrole/concept-label" xlink:from="loc_ck0001479599_Russell1000IndexMember" xlink:to="lab_ck0001479599_Russell1000IndexMember" />
		<loc xlink:type="locator" xlink:href="ck0001479599-20160630.xsd#ck0001479599_DowJonesUSThematicMarketNeutralValueIndexMember" xlink:label="loc_ck0001479599_DowJonesUSThematicMarketNeutralValueIndexMember"   />
		<label xlink:type="resource" xlink:role="http://www.xbrl.org/2003/role/label" xlink:label="lab_ck0001479599_DowJonesUSThematicMarketNeutralValueIndexMember" xml:lang="en-US"  >DowJonesUSThematicMarketNeutralValueIndex [Member]</label>
		<label xlink:type="resource" xlink:role="http://www.xbrl.org/2003/role/terseLabel" xlink:label="lab_ck0001479599_DowJonesUSThematicMarketNeutralValueIndexMember" xml:lang="en-US"  >Dow Jones U.S. Thematic Market Neutral Value Index</label>
		<labelArc xlink:type="arc" xlink:arcrole="http://www.xbrl.org/2003/arcrole/concept-label" xlink:from="loc_ck0001479599_DowJonesUSThematicMarketNeutralValueIndexMember" xlink:to="lab_ck0001479599_DowJonesUSThematicMarketNeutralValueIndexMember" />
		<loc xlink:type="locator" xlink:href="http://xbrl.sec.gov/rr/2012/rr-2012-01-31.xsd#rr_AverageAnnualReturnAbstract" xlink:label="loc_rr_AverageAnnualReturnAbstract"   />
		<label xlink:type="resource" xlink:role="http://www.xbrl.org/2003/role/label" xlink:label="lab_rr_AverageAnnualReturnAbstract" xml:lang="en-US"  >Average Annual Return:</label>
		<labelArc xlink:type="arc" xlink:arcrole="http://www.xbrl.org/2003/arcrole/concept-label" xlink:from="loc_rr_AverageAnnualReturnAbstract" xlink:to="lab_rr_AverageAnnualReturnAbstract" />
		<loc xlink:type="locator" xlink:href="http://xbrl.sec.gov/rr/2012/rr-2012-01-31.xsd#rr_AverageAnnualReturnLabel" xlink:label="loc_rr_AverageAnnualReturnLabel"   />
		<label xlink:type="resource" xlink:role="http://www.xbrl.org/2003/role/label" xlink:label="lab_rr_AverageAnnualReturnLabel" xml:lang="en-US"  >Label</label>
		<labelArc xlink:type="arc" xlink:arcrole="http://www.xbrl.org/2003/arcrole/concept-label" xlink:from="loc_rr_AverageAnnualReturnLabel" xlink:to="lab_rr_AverageAnnualReturnLabel" />
		<loc xlink:type="locator" xlink:href="http://xbrl.sec.gov/rr/2012/rr-2012-01-31.xsd#rr_AverageAnnualReturnYear01" xlink:label="loc_rr_AverageAnnualReturnYear01"   />
		<label xlink:type="resource" xlink:role="http://www.xbrl.org/2003/role/label" xlink:label="lab_rr_AverageAnnualReturnYear01" xml:lang="en-US"  >1 Year</label>
		<label xlink:type="resource" xlink:role="http://www.xbrl.org/2003/role/terseLabel" xlink:label="lab_rr_AverageAnnualReturnYear01" xml:lang="en-US"  >One Year</label>
		<labelArc xlink:type="arc" xlink:arcrole="http://www.xbrl.org/2003/arcrole/concept-label" xlink:from="loc_rr_AverageAnnualReturnYear01" xlink:to="lab_rr_AverageAnnualReturnYear01" />
		<loc xlink:type="locator" xlink:href="http://xbrl.sec.gov/rr/2012/rr-2012-01-31.xsd#rr_AverageAnnualReturnSinceInception" xlink:label="loc_rr_AverageAnnualReturnSinceInception"   />
		<label xlink:type="resource" xlink:role="http://www.xbrl.org/2003/role/label" xlink:label="lab_rr_AverageAnnualReturnSinceInception" xml:lang="en-US"  >Since Inception</label>
		<label xlink:type="resource" xlink:role="http://www.xbrl.org/2003/role/terseLabel" xlink:label="lab_rr_AverageAnnualReturnSinceInception" xml:lang="en-US"  >Since Inception of Fund</label>
		<labelArc xlink:type="arc" xlink:arcrole="http://www.xbrl.org/2003/arcrole/concept-label" xlink:from="loc_rr_AverageAnnualReturnSinceInception" xlink:to="lab_rr_AverageAnnualReturnSinceInception" />
		<loc xlink:type="locator" xlink:href="http://xbrl.sec.gov/rr/2012/rr-2012-01-31.xsd#rr_AverageAnnualReturnInceptionDate" xlink:label="loc_rr_AverageAnnualReturnInceptionDate"   />
		<label xlink:type="resource" xlink:role="http://www.xbrl.org/2003/role/label" xlink:label="lab_rr_AverageAnnualReturnInceptionDate" xml:lang="en-US"  >Inception Date</label>
		<label xlink:type="resource" xlink:role="http://www.xbrl.org/2003/role/terseLabel" xlink:label="lab_rr_AverageAnnualReturnInceptionDate" xml:lang="en-US"  >Inception Date of Fund</label>
		<labelArc xlink:type="arc" xlink:arcrole="http://www.xbrl.org/2003/arcrole/concept-label" xlink:from="loc_rr_AverageAnnualReturnInceptionDate" xlink:to="lab_rr_AverageAnnualReturnInceptionDate" />
		<loc xlink:type="locator" xlink:href="http://xbrl.sec.gov/rr/2012/rr-2012-01-31.xsd#rr_FeeWaiverOrReimbursementOverAssetsDateOfTermination" xlink:label="loc_rr_FeeWaiverOrReimbursementOverAssetsDateOfTermination"   />
		<label xlink:type="resource" xlink:role="http://www.xbrl.org/2003/role/label" xlink:label="lab_rr_FeeWaiverOrReimbursementOverAssetsDateOfTermination" xml:lang="en-US"  >Fee Waiver or Reimbursement over Assets, Date of Termination</label>
		<labelArc xlink:type="arc" xlink:arcrole="http://www.xbrl.org/2003/arcrole/concept-label" xlink:from="loc_rr_FeeWaiverOrReimbursementOverAssetsDateOfTermination" xlink:to="lab_rr_FeeWaiverOrReimbursementOverAssetsDateOfTermination" />
		<loc xlink:type="locator" xlink:href="http://xbrl.sec.gov/rr/2012/rr-2012-01-31.xsd#rr_PortfolioTurnoverRate" xlink:label="loc_rr_PortfolioTurnoverRate"   />
		<label xlink:type="resource" xlink:role="http://www.xbrl.org/2003/role/label" xlink:label="lab_rr_PortfolioTurnoverRate" xml:lang="en-US"  >Portfolio Turnover, Rate</label>
		<labelArc xlink:type="arc" xlink:arcrole="http://www.xbrl.org/2003/arcrole/concept-label" xlink:from="loc_rr_PortfolioTurnoverRate" xlink:to="lab_rr_PortfolioTurnoverRate" />
		<loc xlink:type="locator" xlink:href="http://xbrl.sec.gov/rr/2012/rr-2012-01-31.xsd#rr_ExpenseExchangeTradedFundCommissions" xlink:label="loc_rr_ExpenseExchangeTradedFundCommissions"   />
		<label xlink:type="resource" xlink:role="http://www.xbrl.org/2003/role/label" xlink:label="lab_rr_ExpenseExchangeTradedFundCommissions" xml:lang="en-US"  >Expense Exchange Traded Fund Commissions [Text]</label>
		<labelArc xlink:type="arc" xlink:arcrole="http://www.xbrl.org/2003/arcrole/concept-label" xlink:from="loc_rr_ExpenseExchangeTradedFundCommissions" xlink:to="lab_rr_ExpenseExchangeTradedFundCommissions" />
		<loc xlink:type="locator" xlink:href="http://xbrl.sec.gov/rr/2012/rr-2012-01-31.xsd#rr_ExpensesRestatedToReflectCurrent" xlink:label="loc_rr_ExpensesRestatedToReflectCurrent"   />
		<label xlink:type="resource" xlink:role="http://www.xbrl.org/2003/role/label" xlink:label="lab_rr_ExpensesRestatedToReflectCurrent" xml:lang="en-US"  >Expenses Restated to Reflect Current [Text]</label>
		<labelArc xlink:type="arc" xlink:arcrole="http://www.xbrl.org/2003/arcrole/concept-label" xlink:from="loc_rr_ExpensesRestatedToReflectCurrent" xlink:to="lab_rr_ExpensesRestatedToReflectCurrent" />
		<loc xlink:type="locator" xlink:href="http://xbrl.sec.gov/rr/2012/rr-2012-01-31.xsd#rr_StrategyPortfolioConcentration" xlink:label="loc_rr_StrategyPortfolioConcentration"   />
		<label xlink:type="resource" xlink:role="http://www.xbrl.org/2003/role/label" xlink:label="lab_rr_StrategyPortfolioConcentration" xml:lang="en-US"  >Strategy Portfolio Concentration [Text]</label>
		<labelArc xlink:type="arc" xlink:arcrole="http://www.xbrl.org/2003/arcrole/concept-label" xlink:from="loc_rr_StrategyPortfolioConcentration" xlink:to="lab_rr_StrategyPortfolioConcentration" />
		<loc xlink:type="locator" xlink:href="http://xbrl.sec.gov/rr/2012/rr-2012-01-31.xsd#rr_RiskLoseMoney" xlink:label="loc_rr_RiskLoseMoney"   />
		<label xlink:type="resource" xlink:role="http://www.xbrl.org/2003/role/label" xlink:label="lab_rr_RiskLoseMoney" xml:lang="en-US"  >Risk Lose Money [Text]</label>
		<labelArc xlink:type="arc" xlink:arcrole="http://www.xbrl.org/2003/arcrole/concept-label" xlink:from="loc_rr_RiskLoseMoney" xlink:to="lab_rr_RiskLoseMoney" />
		<loc xlink:type="locator" xlink:href="http://xbrl.sec.gov/rr/2012/rr-2012-01-31.xsd#rr_RiskNotInsuredDepositoryInstitution" xlink:label="loc_rr_RiskNotInsuredDepositoryInstitution"   />
		<label xlink:type="resource" xlink:role="http://www.xbrl.org/2003/role/label" xlink:label="lab_rr_RiskNotInsuredDepositoryInstitution" xml:lang="en-US"  >Risk Not Insured Depository Institution [Text]</label>
		<labelArc xlink:type="arc" xlink:arcrole="http://www.xbrl.org/2003/arcrole/concept-label" xlink:from="loc_rr_RiskNotInsuredDepositoryInstitution" xlink:to="lab_rr_RiskNotInsuredDepositoryInstitution" />
		<loc xlink:type="locator" xlink:href="http://xbrl.sec.gov/rr/2012/rr-2012-01-31.xsd#rr_PerformanceInformationIllustratesVariabilityOfReturns" xlink:label="loc_rr_PerformanceInformationIllustratesVariabilityOfReturns"   />
		<label xlink:type="resource" xlink:role="http://www.xbrl.org/2003/role/label" xlink:label="lab_rr_PerformanceInformationIllustratesVariabilityOfReturns" xml:lang="en-US"  >Performance Information Illustrates Variability of Returns [Text]</label>
		<labelArc xlink:type="arc" xlink:arcrole="http://www.xbrl.org/2003/arcrole/concept-label" xlink:from="loc_rr_PerformanceInformationIllustratesVariabilityOfReturns" xlink:to="lab_rr_PerformanceInformationIllustratesVariabilityOfReturns" />
		<loc xlink:type="locator" xlink:href="http://xbrl.sec.gov/rr/2012/rr-2012-01-31.xsd#rr_PerformanceAvailabilityWebSiteAddress" xlink:label="loc_rr_PerformanceAvailabilityWebSiteAddress"   />
		<label xlink:type="resource" xlink:role="http://www.xbrl.org/2003/role/label" xlink:label="lab_rr_PerformanceAvailabilityWebSiteAddress" xml:lang="en-US"  >Performance Availability Website Address [Text]</label>
		<labelArc xlink:type="arc" xlink:arcrole="http://www.xbrl.org/2003/arcrole/concept-label" xlink:from="loc_rr_PerformanceAvailabilityWebSiteAddress" xlink:to="lab_rr_PerformanceAvailabilityWebSiteAddress" />
		<loc xlink:type="locator" xlink:href="http://xbrl.sec.gov/rr/2012/rr-2012-01-31.xsd#rr_PerformancePastDoesNotIndicateFuture" xlink:label="loc_rr_PerformancePastDoesNotIndicateFuture"   />
		<label xlink:type="resource" xlink:role="http://www.xbrl.org/2003/role/label" xlink:label="lab_rr_PerformancePastDoesNotIndicateFuture" xml:lang="en-US"  >Performance Past Does Not Indicate Future [Text]</label>
		<labelArc xlink:type="arc" xlink:arcrole="http://www.xbrl.org/2003/arcrole/concept-label" xlink:from="loc_rr_PerformancePastDoesNotIndicateFuture" xlink:to="lab_rr_PerformancePastDoesNotIndicateFuture" />
		<loc xlink:type="locator" xlink:href="http://xbrl.sec.gov/rr/2012/rr-2012-01-31.xsd#rr_YearToDateReturnLabel" xlink:label="loc_rr_YearToDateReturnLabel"   />
		<label xlink:type="resource" xlink:role="http://www.xbrl.org/2003/role/label" xlink:label="lab_rr_YearToDateReturnLabel" xml:lang="en-US"  >Year to Date Return, Label</label>
		<labelArc xlink:type="arc" xlink:arcrole="http://www.xbrl.org/2003/arcrole/concept-label" xlink:from="loc_rr_YearToDateReturnLabel" xlink:to="lab_rr_YearToDateReturnLabel" />
		<loc xlink:type="locator" xlink:href="http://xbrl.sec.gov/rr/2012/rr-2012-01-31.xsd#rr_BarChartYearToDateReturnDate" xlink:label="loc_rr_BarChartYearToDateReturnDate"   />
		<label xlink:type="resource" xlink:role="http://www.xbrl.org/2003/role/label" xlink:label="lab_rr_BarChartYearToDateReturnDate" xml:lang="en-US"  >Bar Chart, Year to Date Return, Date</label>
		<labelArc xlink:type="arc" xlink:arcrole="http://www.xbrl.org/2003/arcrole/concept-label" xlink:from="loc_rr_BarChartYearToDateReturnDate" xlink:to="lab_rr_BarChartYearToDateReturnDate" />
		<loc xlink:type="locator" xlink:href="http://xbrl.sec.gov/rr/2012/rr-2012-01-31.xsd#rr_BarChartYearToDateReturn" xlink:label="loc_rr_BarChartYearToDateReturn"   />
		<label xlink:type="resource" xlink:role="http://www.xbrl.org/2003/role/label" xlink:label="lab_rr_BarChartYearToDateReturn" xml:lang="en-US"  >Bar Chart, Year to Date Return</label>
		<labelArc xlink:type="arc" xlink:arcrole="http://www.xbrl.org/2003/arcrole/concept-label" xlink:from="loc_rr_BarChartYearToDateReturn" xlink:to="lab_rr_BarChartYearToDateReturn" />
		<loc xlink:type="locator" xlink:href="http://xbrl.sec.gov/rr/2012/rr-2012-01-31.xsd#rr_HighestQuarterlyReturnLabel" xlink:label="loc_rr_HighestQuarterlyReturnLabel"   />
		<label xlink:type="resource" xlink:role="http://www.xbrl.org/2003/role/label" xlink:label="lab_rr_HighestQuarterlyReturnLabel" xml:lang="en-US"  >Highest Quarterly Return, Label</label>
		<labelArc xlink:type="arc" xlink:arcrole="http://www.xbrl.org/2003/arcrole/concept-label" xlink:from="loc_rr_HighestQuarterlyReturnLabel" xlink:to="lab_rr_HighestQuarterlyReturnLabel" />
		<loc xlink:type="locator" xlink:href="http://xbrl.sec.gov/rr/2012/rr-2012-01-31.xsd#rr_BarChartHighestQuarterlyReturnDate" xlink:label="loc_rr_BarChartHighestQuarterlyReturnDate"   />
		<label xlink:type="resource" xlink:role="http://www.xbrl.org/2003/role/label" xlink:label="lab_rr_BarChartHighestQuarterlyReturnDate" xml:lang="en-US"  >Highest Quarterly Return, Date</label>
		<labelArc xlink:type="arc" xlink:arcrole="http://www.xbrl.org/2003/arcrole/concept-label" xlink:from="loc_rr_BarChartHighestQuarterlyReturnDate" xlink:to="lab_rr_BarChartHighestQuarterlyReturnDate" />
		<loc xlink:type="locator" xlink:href="http://xbrl.sec.gov/rr/2012/rr-2012-01-31.xsd#rr_BarChartHighestQuarterlyReturn" xlink:label="loc_rr_BarChartHighestQuarterlyReturn"   />
		<label xlink:type="resource" xlink:role="http://www.xbrl.org/2003/role/label" xlink:label="lab_rr_BarChartHighestQuarterlyReturn" xml:lang="en-US"  >Highest Quarterly Return</label>
		<labelArc xlink:type="arc" xlink:arcrole="http://www.xbrl.org/2003/arcrole/concept-label" xlink:from="loc_rr_BarChartHighestQuarterlyReturn" xlink:to="lab_rr_BarChartHighestQuarterlyReturn" />
		<loc xlink:type="locator" xlink:href="http://xbrl.sec.gov/rr/2012/rr-2012-01-31.xsd#rr_LowestQuarterlyReturnLabel" xlink:label="loc_rr_LowestQuarterlyReturnLabel"   />
		<label xlink:type="resource" xlink:role="http://www.xbrl.org/2003/role/label" xlink:label="lab_rr_LowestQuarterlyReturnLabel" xml:lang="en-US"  >Lowest Quarterly Return, Label</label>
		<labelArc xlink:type="arc" xlink:arcrole="http://www.xbrl.org/2003/arcrole/concept-label" xlink:from="loc_rr_LowestQuarterlyReturnLabel" xlink:to="lab_rr_LowestQuarterlyReturnLabel" />
		<loc xlink:type="locator" xlink:href="http://xbrl.sec.gov/rr/2012/rr-2012-01-31.xsd#rr_BarChartLowestQuarterlyReturnDate" xlink:label="loc_rr_BarChartLowestQuarterlyReturnDate"   />
		<label xlink:type="resource" xlink:role="http://www.xbrl.org/2003/role/label" xlink:label="lab_rr_BarChartLowestQuarterlyReturnDate" xml:lang="en-US"  >Lowest Quarterly Return, Date</label>
		<labelArc xlink:type="arc" xlink:arcrole="http://www.xbrl.org/2003/arcrole/concept-label" xlink:from="loc_rr_BarChartLowestQuarterlyReturnDate" xlink:to="lab_rr_BarChartLowestQuarterlyReturnDate" />
		<loc xlink:type="locator" xlink:href="http://xbrl.sec.gov/rr/2012/rr-2012-01-31.xsd#rr_BarChartLowestQuarterlyReturn" xlink:label="loc_rr_BarChartLowestQuarterlyReturn"   />
		<label xlink:type="resource" xlink:role="http://www.xbrl.org/2003/role/label" xlink:label="lab_rr_BarChartLowestQuarterlyReturn" xml:lang="en-US"  >Lowest Quarterly Return</label>
		<labelArc xlink:type="arc" xlink:arcrole="http://www.xbrl.org/2003/arcrole/concept-label" xlink:from="loc_rr_BarChartLowestQuarterlyReturn" xlink:to="lab_rr_BarChartLowestQuarterlyReturn" />
		<loc xlink:type="locator" xlink:href="http://xbrl.sec.gov/rr/2012/rr-2012-01-31.xsd#rr_PerformanceTableUsesHighestFederalRate" xlink:label="loc_rr_PerformanceTableUsesHighestFederalRate"   />
		<label xlink:type="resource" xlink:role="http://www.xbrl.org/2003/role/label" xlink:label="lab_rr_PerformanceTableUsesHighestFederalRate" xml:lang="en-US"  >Performance Table Uses Highest Federal Rate</label>
		<labelArc xlink:type="arc" xlink:arcrole="http://www.xbrl.org/2003/arcrole/concept-label" xlink:from="loc_rr_PerformanceTableUsesHighestFederalRate" xlink:to="lab_rr_PerformanceTableUsesHighestFederalRate" />
		<loc xlink:type="locator" xlink:href="http://xbrl.sec.gov/rr/2012/rr-2012-01-31.xsd#rr_PerformanceTableNotRelevantToTaxDeferred" xlink:label="loc_rr_PerformanceTableNotRelevantToTaxDeferred"   />
		<label xlink:type="resource" xlink:role="http://www.xbrl.org/2003/role/label" xlink:label="lab_rr_PerformanceTableNotRelevantToTaxDeferred" xml:lang="en-US"  >Performance Table Not Relevant to Tax Deferred</label>
		<labelArc xlink:type="arc" xlink:arcrole="http://www.xbrl.org/2003/arcrole/concept-label" xlink:from="loc_rr_PerformanceTableNotRelevantToTaxDeferred" xlink:to="lab_rr_PerformanceTableNotRelevantToTaxDeferred" />
		<loc xlink:type="locator" xlink:href="ck0001479599-20160630.xsd#ck0001479599_S000033010SummaryMember" xlink:label="loc_ck0001479599_S000033010SummaryMember"   />
		<label xlink:type="resource" xlink:role="http://www.xbrl.org/2003/role/label" xlink:label="lab_ck0001479599_S000033010SummaryMember" xml:lang="en-US"  >S000033010Summary [Member]</label>
		<label xlink:type="resource" xlink:role="http://www.xbrl.org/2003/role/terseLabel" xlink:label="lab_ck0001479599_S000033010SummaryMember" xml:lang="en-US"  >QuantShares U.S. Market Neutral Size Fund (Prospectus Summary)</label>
		<label xlink:type="resource" xlink:role="http://www.xbrl.org/2003/role/verboseLabel" xlink:label="lab_ck0001479599_S000033010SummaryMember" xml:lang="en-US"  />
		<labelArc xlink:type="arc" xlink:arcrole="http://www.xbrl.org/2003/arcrole/concept-label" xlink:from="loc_ck0001479599_S000033010SummaryMember" xlink:to="lab_ck0001479599_S000033010SummaryMember" />
		<loc xlink:type="locator" xlink:href="ck0001479599-20160630.xsd#ck0001479599_S000033013SummaryMember" xlink:label="loc_ck0001479599_S000033013SummaryMember"   />
		<label xlink:type="resource" xlink:role="http://www.xbrl.org/2003/role/label" xlink:label="lab_ck0001479599_S000033013SummaryMember" xml:lang="en-US"  >S000033013Summary [Member]</label>
		<label xlink:type="resource" xlink:role="http://www.xbrl.org/2003/role/terseLabel" xlink:label="lab_ck0001479599_S000033013SummaryMember" xml:lang="en-US"  >QuantShares U.S. Market Neutral Anti-Beta Fund (Prospectus Summary)</label>
		<label xlink:type="resource" xlink:role="http://www.xbrl.org/2003/role/verboseLabel" xlink:label="lab_ck0001479599_S000033013SummaryMember" xml:lang="en-US"  />
		<labelArc xlink:type="arc" xlink:arcrole="http://www.xbrl.org/2003/arcrole/concept-label" xlink:from="loc_ck0001479599_S000033013SummaryMember" xlink:to="lab_ck0001479599_S000033013SummaryMember" />
		<loc xlink:type="locator" xlink:href="ck0001479599-20160630.xsd#ck0001479599_S000033010Member" xlink:label="loc_ck0001479599_S000033010Member"   />
		<label xlink:type="resource" xlink:role="http://www.xbrl.org/2003/role/label" xlink:label="lab_ck0001479599_S000033010Member" xml:lang="en-US"  >S000033010 [Member]</label>
		<label xlink:type="resource" xlink:role="http://www.xbrl.org/2003/role/terseLabel" xlink:label="lab_ck0001479599_S000033010Member" xml:lang="en-US"  >QuantShares U.S. Market Neutral Size Fund</label>
		<label xlink:type="resource" xlink:role="http://www.xbrl.org/2003/role/verboseLabel" xlink:label="lab_ck0001479599_S000033010Member" xml:lang="en-US"  />
		<labelArc xlink:type="arc" xlink:arcrole="http://www.xbrl.org/2003/arcrole/concept-label" xlink:from="loc_ck0001479599_S000033010Member" xlink:to="lab_ck0001479599_S000033010Member" />
		<loc xlink:type="locator" xlink:href="ck0001479599-20160630.xsd#ck0001479599_S000033013Member" xlink:label="loc_ck0001479599_S000033013Member"   />
		<label xlink:type="resource" xlink:role="http://www.xbrl.org/2003/role/label" xlink:label="lab_ck0001479599_S000033013Member" xml:lang="en-US"  >S000033013 [Member]</label>
		<label xlink:type="resource" xlink:role="http://www.xbrl.org/2003/role/terseLabel" xlink:label="lab_ck0001479599_S000033013Member" xml:lang="en-US"  >QuantShares U.S. Market Neutral Anti-Beta Fund</label>
		<label xlink:type="resource" xlink:role="http://www.xbrl.org/2003/role/verboseLabel" xlink:label="lab_ck0001479599_S000033013Member" xml:lang="en-US"  />
		<labelArc xlink:type="arc" xlink:arcrole="http://www.xbrl.org/2003/arcrole/concept-label" xlink:from="loc_ck0001479599_S000033013Member" xlink:to="lab_ck0001479599_S000033013Member" />
		<loc xlink:type="locator" xlink:href="ck0001479599-20160630.xsd#ck0001479599_C000101799Member" xlink:label="loc_ck0001479599_C000101799Member"   />
		<label xlink:type="resource" xlink:role="http://www.xbrl.org/2003/role/label" xlink:label="lab_ck0001479599_C000101799Member" xml:lang="en-US"  >C000101799 [Member]</label>
		<label xlink:type="resource" xlink:role="http://www.xbrl.org/2003/role/terseLabel" xlink:label="lab_ck0001479599_C000101799Member" xml:lang="en-US"  >QuantShares U.S. Market Neutral Size Fund</label>
		<labelArc xlink:type="arc" xlink:arcrole="http://www.xbrl.org/2003/arcrole/concept-label" xlink:from="loc_ck0001479599_C000101799Member" xlink:to="lab_ck0001479599_C000101799Member" />
		<loc xlink:type="locator" xlink:href="ck0001479599-20160630.xsd#ck0001479599_C000101802Member" xlink:label="loc_ck0001479599_C000101802Member"   />
		<label xlink:type="resource" xlink:role="http://www.xbrl.org/2003/role/label" xlink:label="lab_ck0001479599_C000101802Member" xml:lang="en-US"  >C000101802 [Member]</label>
		<label xlink:type="resource" xlink:role="http://www.xbrl.org/2003/role/terseLabel" xlink:label="lab_ck0001479599_C000101802Member" xml:lang="en-US"  >QuantShares U.S. Market Neutral Anti-Beta Fund</label>
		<labelArc xlink:type="arc" xlink:arcrole="http://www.xbrl.org/2003/arcrole/concept-label" xlink:from="loc_ck0001479599_C000101802Member" xlink:to="lab_ck0001479599_C000101802Member" />
		<loc xlink:type="locator" xlink:href="ck0001479599-20160630.xsd#ck0001479599_DowJonesUSThematicMarketNeutralSizeIndexMember" xlink:label="loc_ck0001479599_DowJonesUSThematicMarketNeutralSizeIndexMember"   />
		<label xlink:type="resource" xlink:role="http://www.xbrl.org/2003/role/label" xlink:label="lab_ck0001479599_DowJonesUSThematicMarketNeutralSizeIndexMember" xml:lang="en-US"  >DowJonesUSThematicMarketNeutralSizeIndex [Member]</label>
		<label xlink:type="resource" xlink:role="http://www.xbrl.org/2003/role/terseLabel" xlink:label="lab_ck0001479599_DowJonesUSThematicMarketNeutralSizeIndexMember" xml:lang="en-US"  >Dow Jones U.S. Thematic Market Neutral Size Index</label>
		<labelArc xlink:type="arc" xlink:arcrole="http://www.xbrl.org/2003/arcrole/concept-label" xlink:from="loc_ck0001479599_DowJonesUSThematicMarketNeutralSizeIndexMember" xlink:to="lab_ck0001479599_DowJonesUSThematicMarketNeutralSizeIndexMember" />
		<loc xlink:type="locator" xlink:href="ck0001479599-20160630.xsd#ck0001479599_DowJonesUSThematicMarketNeutralAntiBetaIndexMember" xlink:label="loc_ck0001479599_DowJonesUSThematicMarketNeutralAntiBetaIndexMember"   />
		<label xlink:type="resource" xlink:role="http://www.xbrl.org/2003/role/label" xlink:label="lab_ck0001479599_DowJonesUSThematicMarketNeutralAntiBetaIndexMember" xml:lang="en-US"  >DowJonesUSThematicMarketNeutralAnti-BetaIndex [Member]</label>
		<label xlink:type="resource" xlink:role="http://www.xbrl.org/2003/role/terseLabel" xlink:label="lab_ck0001479599_DowJonesUSThematicMarketNeutralAntiBetaIndexMember" xml:lang="en-US"  >Dow Jones U.S. Thematic Market Neutral Anti-Beta Index</label>
		<labelArc xlink:type="arc" xlink:arcrole="http://www.xbrl.org/2003/arcrole/concept-label" xlink:from="loc_ck0001479599_DowJonesUSThematicMarketNeutralAntiBetaIndexMember" xlink:to="lab_ck0001479599_DowJonesUSThematicMarketNeutralAntiBetaIndexMember" />
		<loc xlink:type="locator" xlink:href="ck0001479599-20160630.xsd#ck0001479599_S000039240SummaryMember" xlink:label="loc_ck0001479599_S000039240SummaryMember"   />
		<label xlink:type="resource" xlink:role="http://www.xbrl.org/2003/role/label" xlink:label="lab_ck0001479599_S000039240SummaryMember" xml:lang="en-US"  >S000039240Summary [Member]</label>
		<label xlink:type="resource" xlink:role="http://www.xbrl.org/2003/role/verboseLabel" xlink:label="lab_ck0001479599_S000039240SummaryMember" xml:lang="en-US"  />
		<label xlink:type="resource" xlink:role="http://www.xbrl.org/2003/role/terseLabel" xlink:label="lab_ck0001479599_S000039240SummaryMember" xml:lang="en-US"  >QuantShares Hedged Dividend Income Fund (Prospectus Summary)</label>
		<labelArc xlink:type="arc" xlink:arcrole="http://www.xbrl.org/2003/arcrole/concept-label" xlink:from="loc_ck0001479599_S000039240SummaryMember" xlink:to="lab_ck0001479599_S000039240SummaryMember" />
		<loc xlink:type="locator" xlink:href="ck0001479599-20160630.xsd#ck0001479599_S000039245SummaryMember" xlink:label="loc_ck0001479599_S000039245SummaryMember"   />
		<label xlink:type="resource" xlink:role="http://www.xbrl.org/2003/role/label" xlink:label="lab_ck0001479599_S000039245SummaryMember" xml:lang="en-US"  >S000039245Summary [Member]</label>
		<label xlink:type="resource" xlink:role="http://www.xbrl.org/2003/role/terseLabel" xlink:label="lab_ck0001479599_S000039245SummaryMember" xml:lang="en-US"  >QuantShares Equal Weighted Value Factor Fund (Prospectus Summary)</label>
		<label xlink:type="resource" xlink:role="http://www.xbrl.org/2003/role/verboseLabel" xlink:label="lab_ck0001479599_S000039245SummaryMember" xml:lang="en-US"  />
		<labelArc xlink:type="arc" xlink:arcrole="http://www.xbrl.org/2003/arcrole/concept-label" xlink:from="loc_ck0001479599_S000039245SummaryMember" xlink:to="lab_ck0001479599_S000039245SummaryMember" />
		<loc xlink:type="locator" xlink:href="ck0001479599-20160630.xsd#ck0001479599_S000039240Member" xlink:label="loc_ck0001479599_S000039240Member"   />
		<label xlink:type="resource" xlink:role="http://www.xbrl.org/2003/role/label" xlink:label="lab_ck0001479599_S000039240Member" xml:lang="en-US"  >S000039240 [Member]</label>
		<label xlink:type="resource" xlink:role="http://www.xbrl.org/2003/role/terseLabel" xlink:label="lab_ck0001479599_S000039240Member" xml:lang="en-US"  >QuantShares Hedged Dividend Income Fund</label>
		<label xlink:type="resource" xlink:role="http://www.xbrl.org/2003/role/verboseLabel" xlink:label="lab_ck0001479599_S000039240Member" xml:lang="en-US"  />
		<labelArc xlink:type="arc" xlink:arcrole="http://www.xbrl.org/2003/arcrole/concept-label" xlink:from="loc_ck0001479599_S000039240Member" xlink:to="lab_ck0001479599_S000039240Member" />
		<loc xlink:type="locator" xlink:href="ck0001479599-20160630.xsd#ck0001479599_S000039245Member" xlink:label="loc_ck0001479599_S000039245Member"   />
		<label xlink:type="resource" xlink:role="http://www.xbrl.org/2003/role/label" xlink:label="lab_ck0001479599_S000039245Member" xml:lang="en-US"  >S000039245 [Member]</label>
		<label xlink:type="resource" xlink:role="http://www.xbrl.org/2003/role/terseLabel" xlink:label="lab_ck0001479599_S000039245Member" xml:lang="en-US"  >QuantShares Equal Weighted Value Factor Fund</label>
		<label xlink:type="resource" xlink:role="http://www.xbrl.org/2003/role/verboseLabel" xlink:label="lab_ck0001479599_S000039245Member" xml:lang="en-US"  />
		<labelArc xlink:type="arc" xlink:arcrole="http://www.xbrl.org/2003/arcrole/concept-label" xlink:from="loc_ck0001479599_S000039245Member" xlink:to="lab_ck0001479599_S000039245Member" />
		<loc xlink:type="locator" xlink:href="ck0001479599-20160630.xsd#ck0001479599_C000120788Member" xlink:label="loc_ck0001479599_C000120788Member"   />
		<label xlink:type="resource" xlink:role="http://www.xbrl.org/2003/role/label" xlink:label="lab_ck0001479599_C000120788Member" xml:lang="en-US"  >C000120788 [Member]</label>
		<label xlink:type="resource" xlink:role="http://www.xbrl.org/2003/role/terseLabel" xlink:label="lab_ck0001479599_C000120788Member" xml:lang="en-US"  >QuantShares Hedged Dividend Income Fund</label>
		<labelArc xlink:type="arc" xlink:arcrole="http://www.xbrl.org/2003/arcrole/concept-label" xlink:from="loc_ck0001479599_C000120788Member" xlink:to="lab_ck0001479599_C000120788Member" />
		<loc xlink:type="locator" xlink:href="ck0001479599-20160630.xsd#ck0001479599_C000120793Member" xlink:label="loc_ck0001479599_C000120793Member"   />
		<label xlink:type="resource" xlink:role="http://www.xbrl.org/2003/role/label" xlink:label="lab_ck0001479599_C000120793Member" xml:lang="en-US"  >C000120793 [Member]</label>
		<label xlink:type="resource" xlink:role="http://www.xbrl.org/2003/role/terseLabel" xlink:label="lab_ck0001479599_C000120793Member" xml:lang="en-US"  >QuantShares Equal Weighted Value Factor Fund</label>
		<labelArc xlink:type="arc" xlink:arcrole="http://www.xbrl.org/2003/arcrole/concept-label" xlink:from="loc_ck0001479599_C000120793Member" xlink:to="lab_ck0001479599_C000120793Member" />
		<loc xlink:type="locator" xlink:href="http://xbrl.sec.gov/rr/2012/rr-2012-01-31.xsd#rr_AcquiredFundFeesAndExpensesOverAssets" xlink:label="loc_rr_AcquiredFundFeesAndExpensesOverAssets"   />
		<label xlink:type="resource" xlink:role="http://www.xbrl.org/2003/role/label" xlink:label="lab_rr_AcquiredFundFeesAndExpensesOverAssets" xml:lang="en-US"  >Acquired Fund Fees and Expenses</label>
		<label xlink:type="resource" xlink:role="http://www.xbrl.org/2003/role/terseLabel" xlink:label="lab_rr_AcquiredFundFeesAndExpensesOverAssets" xml:lang="en-US"  >Acquired Fund Fees and Expenses</label>
		<labelArc xlink:type="arc" xlink:arcrole="http://www.xbrl.org/2003/arcrole/concept-label" xlink:from="loc_rr_AcquiredFundFeesAndExpensesOverAssets" xlink:to="lab_rr_AcquiredFundFeesAndExpensesOverAssets" />
		<loc xlink:type="locator" xlink:href="http://xbrl.sec.gov/rr/2012/rr-2012-01-31.xsd#rr_OtherExpensesNewFundBasedOnEstimates" xlink:label="loc_rr_OtherExpensesNewFundBasedOnEstimates"   />
		<label xlink:type="resource" xlink:role="http://www.xbrl.org/2003/role/label" xlink:label="lab_rr_OtherExpensesNewFundBasedOnEstimates" xml:lang="en-US"  >Other Expenses, New Fund, Based on Estimates [Text]</label>
		<labelArc xlink:type="arc" xlink:arcrole="http://www.xbrl.org/2003/arcrole/concept-label" xlink:from="loc_rr_OtherExpensesNewFundBasedOnEstimates" xlink:to="lab_rr_OtherExpensesNewFundBasedOnEstimates" />
		<loc xlink:type="locator" xlink:href="http://xbrl.sec.gov/rr/2012/rr-2012-01-31.xsd#rr_PerformanceOneYearOrLess" xlink:label="loc_rr_PerformanceOneYearOrLess"   />
		<label xlink:type="resource" xlink:role="http://www.xbrl.org/2003/role/label" xlink:label="lab_rr_PerformanceOneYearOrLess" xml:lang="en-US"  >Performance One Year or Less [Text]</label>
		<labelArc xlink:type="arc" xlink:arcrole="http://www.xbrl.org/2003/arcrole/concept-label" xlink:from="loc_rr_PerformanceOneYearOrLess" xlink:to="lab_rr_PerformanceOneYearOrLess" />
		<loc xlink:type="locator" xlink:href="ck0001479599-20160630.xsd#ck0001479599_S000039244SummaryMember" xlink:label="loc_ck0001479599_S000039244SummaryMember"   />
		<label xlink:type="resource" xlink:role="http://www.xbrl.org/2003/role/label" xlink:label="lab_ck0001479599_S000039244SummaryMember" xml:lang="en-US"  >S000039244Summary [Member]</label>
		<label xlink:type="resource" xlink:role="http://www.xbrl.org/2003/role/verboseLabel" xlink:label="lab_ck0001479599_S000039244SummaryMember" xml:lang="en-US"  />
		<label xlink:type="resource" xlink:role="http://www.xbrl.org/2003/role/terseLabel" xlink:label="lab_ck0001479599_S000039244SummaryMember" xml:lang="en-US"  >QuantShares Equal Weighted High Momentum Factor Fund (Prospectus Summary)</label>
		<labelArc xlink:type="arc" xlink:arcrole="http://www.xbrl.org/2003/arcrole/concept-label" xlink:from="loc_ck0001479599_S000039244SummaryMember" xlink:to="lab_ck0001479599_S000039244SummaryMember" />
		<loc xlink:type="locator" xlink:href="ck0001479599-20160630.xsd#ck0001479599_S000039241SummaryMember" xlink:label="loc_ck0001479599_S000039241SummaryMember"   />
		<label xlink:type="resource" xlink:role="http://www.xbrl.org/2003/role/label" xlink:label="lab_ck0001479599_S000039241SummaryMember" xml:lang="en-US"  >S000039241Summary [Member]</label>
		<label xlink:type="resource" xlink:role="http://www.xbrl.org/2003/role/verboseLabel" xlink:label="lab_ck0001479599_S000039241SummaryMember" xml:lang="en-US"  />
		<labelArc xlink:type="arc" xlink:arcrole="http://www.xbrl.org/2003/arcrole/concept-label" xlink:from="loc_ck0001479599_S000039241SummaryMember" xlink:to="lab_ck0001479599_S000039241SummaryMember" />
		<loc xlink:type="locator" xlink:href="ck0001479599-20160630.xsd#ck0001479599_S000039244Member" xlink:label="loc_ck0001479599_S000039244Member"   />
		<label xlink:type="resource" xlink:role="http://www.xbrl.org/2003/role/label" xlink:label="lab_ck0001479599_S000039244Member" xml:lang="en-US"  >S000039244 [Member]</label>
		<label xlink:type="resource" xlink:role="http://www.xbrl.org/2003/role/terseLabel" xlink:label="lab_ck0001479599_S000039244Member" xml:lang="en-US"  >QuantShares Equal Weighted Low Beta Factor Fund</label>
		<label xlink:type="resource" xlink:role="http://www.xbrl.org/2003/role/verboseLabel" xlink:label="lab_ck0001479599_S000039244Member" xml:lang="en-US"  />
		<labelArc xlink:type="arc" xlink:arcrole="http://www.xbrl.org/2003/arcrole/concept-label" xlink:from="loc_ck0001479599_S000039244Member" xlink:to="lab_ck0001479599_S000039244Member" />
		<loc xlink:type="locator" xlink:href="ck0001479599-20160630.xsd#ck0001479599_S000039241Member" xlink:label="loc_ck0001479599_S000039241Member"   />
		<label xlink:type="resource" xlink:role="http://www.xbrl.org/2003/role/label" xlink:label="lab_ck0001479599_S000039241Member" xml:lang="en-US"  >S000039241 [Member]</label>
		<label xlink:type="resource" xlink:role="http://www.xbrl.org/2003/role/terseLabel" xlink:label="lab_ck0001479599_S000039241Member" xml:lang="en-US"  >QuantShares Equal Weighted High Momentum Factor Fund</label>
		<label xlink:type="resource" xlink:role="http://www.xbrl.org/2003/role/verboseLabel" xlink:label="lab_ck0001479599_S000039241Member" xml:lang="en-US"  />
		<labelArc xlink:type="arc" xlink:arcrole="http://www.xbrl.org/2003/arcrole/concept-label" xlink:from="loc_ck0001479599_S000039241Member" xlink:to="lab_ck0001479599_S000039241Member" />
		<loc xlink:type="locator" xlink:href="ck0001479599-20160630.xsd#ck0001479599_C000120792Member" xlink:label="loc_ck0001479599_C000120792Member"   />
		<label xlink:type="resource" xlink:role="http://www.xbrl.org/2003/role/label" xlink:label="lab_ck0001479599_C000120792Member" xml:lang="en-US"  >C000120792 [Member]</label>
		<label xlink:type="resource" xlink:role="http://www.xbrl.org/2003/role/terseLabel" xlink:label="lab_ck0001479599_C000120792Member" xml:lang="en-US"  >QuantShares Equal Weighted Low Beta Factor Fund</label>
		<labelArc xlink:type="arc" xlink:arcrole="http://www.xbrl.org/2003/arcrole/concept-label" xlink:from="loc_ck0001479599_C000120792Member" xlink:to="lab_ck0001479599_C000120792Member" />
		<loc xlink:type="locator" xlink:href="ck0001479599-20160630.xsd#ck0001479599_C000120789Member" xlink:label="loc_ck0001479599_C000120789Member"   />
		<label xlink:type="resource" xlink:role="http://www.xbrl.org/2003/role/label" xlink:label="lab_ck0001479599_C000120789Member" xml:lang="en-US"  >C000120789 [Member]</label>
		<label xlink:type="resource" xlink:role="http://www.xbrl.org/2003/role/terseLabel" xlink:label="lab_ck0001479599_C000120789Member" xml:lang="en-US"  >QuantShares Equal Weighted High Momentum Factor Fund</label>
		<labelArc xlink:type="arc" xlink:arcrole="http://www.xbrl.org/2003/arcrole/concept-label" xlink:from="loc_ck0001479599_C000120789Member" xlink:to="lab_ck0001479599_C000120789Member" />
	</labelLink>
</linkbase>