<?xml version="1.0" encoding="UTF-8"?><!-- Generated by DataTracks version 1.0 on 01-Nov-2016 [07:20:54] {AM} EST - www.datatracks.com -->
<linkbase xmlns="http://www.xbrl.org/2003/linkbase" xmlns:xsi="http://www.w3.org/2001/XMLSchema-instance" xmlns:xlink="http://www.w3.org/1999/xlink" xsi:schemaLocation="http://www.xbrl.org/2003/linkbase http://www.xbrl.org/2003/xbrl-linkbase-2003-12-31.xsd">
	<roleRef xlink:type="simple" xlink:href="ck0001479599-20160630.xsd#ScheduleAnnualFundOperatingExpensesQuantSharesHedgedDividendIncomeFund" roleURI="http://www.quant-shares.com/role/ScheduleAnnualFundOperatingExpensesQuantSharesHedgedDividendIncomeFund"/>

	<calculationLink xlink:type="extended" xlink:role="http://www.quant-shares.com/role/ScheduleAnnualFundOperatingExpensesQuantSharesHedgedDividendIncomeFund">
		<loc xlink:type="locator" xlink:href="http://xbrl.sec.gov/rr/2012/rr-2012-01-31.xsd#rr_NetExpensesOverAssets" xlink:label="loc_rr_NetExpensesOverAssets"/>
		<loc xlink:type="locator" xlink:href="http://xbrl.sec.gov/rr/2012/rr-2012-01-31.xsd#rr_ExpensesOverAssets" xlink:label="loc_rr_ExpensesOverAssets"/>
		<calculationArc xlink:type="arc" xlink:arcrole="http://www.xbrl.org/2003/arcrole/summation-item" xlink:from="loc_rr_NetExpensesOverAssets" xlink:to="loc_rr_ExpensesOverAssets" order="10" use="optional" weight="1"/>
		<loc xlink:type="locator" xlink:href="http://xbrl.sec.gov/rr/2012/rr-2012-01-31.xsd#rr_FeeWaiverOrReimbursementOverAssets" xlink:label="loc_rr_FeeWaiverOrReimbursementOverAssets"/>
		<calculationArc xlink:type="arc" xlink:arcrole="http://www.xbrl.org/2003/arcrole/summation-item" xlink:from="loc_rr_NetExpensesOverAssets" xlink:to="loc_rr_FeeWaiverOrReimbursementOverAssets" order="20" use="optional" weight="1"/>
		<loc xlink:type="locator" xlink:href="http://xbrl.sec.gov/rr/2012/rr-2012-01-31.xsd#rr_ManagementFeesOverAssets" xlink:label="loc_rr_ManagementFeesOverAssets"/>
		<calculationArc xlink:type="arc" xlink:arcrole="http://www.xbrl.org/2003/arcrole/summation-item" xlink:from="loc_rr_ExpensesOverAssets" xlink:to="loc_rr_ManagementFeesOverAssets" order="30" use="optional" weight="1"/>
		<loc xlink:type="locator" xlink:href="http://xbrl.sec.gov/rr/2012/rr-2012-01-31.xsd#rr_DistributionAndService12b1FeesOverAssets" xlink:label="loc_rr_DistributionAndService12b1FeesOverAssets"/>
		<calculationArc xlink:type="arc" xlink:arcrole="http://www.xbrl.org/2003/arcrole/summation-item" xlink:from="loc_rr_ExpensesOverAssets" xlink:to="loc_rr_DistributionAndService12b1FeesOverAssets" order="40" use="optional" weight="1"/>
		<loc xlink:type="locator" xlink:href="http://xbrl.sec.gov/rr/2012/rr-2012-01-31.xsd#rr_OtherExpensesOverAssets" xlink:label="loc_rr_OtherExpensesOverAssets"/>
		<calculationArc xlink:type="arc" xlink:arcrole="http://www.xbrl.org/2003/arcrole/summation-item" xlink:from="loc_rr_ExpensesOverAssets" xlink:to="loc_rr_OtherExpensesOverAssets" order="60" use="optional" weight="1"/>
		<loc xlink:type="locator" xlink:href="http://xbrl.sec.gov/rr/2012/rr-2012-01-31.xsd#rr_AcquiredFundFeesAndExpensesOverAssets" xlink:label="loc_rr_AcquiredFundFeesAndExpensesOverAssets"/>
		<calculationArc xlink:type="arc" xlink:arcrole="http://www.xbrl.org/2003/arcrole/summation-item" xlink:from="loc_rr_ExpensesOverAssets" xlink:to="loc_rr_AcquiredFundFeesAndExpensesOverAssets" order="70" use="optional" weight="1"/>
	</calculationLink>


</linkbase>